episode,reward,length,moving_avg_reward,epsilon,success,cumulative_reward,reward_variance,length_variance,best_10_avg_reward,replay_buffer_fullness
1,36.0,36,36.0,0.995,0,36.0,0.0,0.0,36.0,0.00072
2,28.0,28,32.0,0.990025,0,64.0,16.0,16.0,32.0,0.00128
3,15.0,15,26.333333333333332,0.985074875,0,79.0,74.8888888888889,74.8888888888889,26.333333333333332,0.00158
4,12.0,12,22.75,0.9801495006250001,0,91.0,94.6875,94.6875,22.75,0.00182
5,54.0,54,29.0,0.9752487531218751,0,145.0,232.0,232.0,29.0,0.0029
6,28.0,28,28.833333333333332,0.9703725093562657,0,173.0,193.4722222222222,193.4722222222222,28.833333333333332,0.00346
7,12.0,12,26.428571428571427,0.9655206468094844,0,185.0,200.53061224489792,200.53061224489792,26.428571428571427,0.0037
8,23.0,23,26.0,0.960693043575437,0,208.0,176.75,176.75,26.0,0.00416
9,21.0,21,25.444444444444443,0.9558895783575597,0,229.0,159.58024691358025,159.58024691358025,25.444444444444443,0.00458
10,29.0,29,25.8,0.9511101304657719,0,258.0,144.76000000000002,144.76000000000002,25.8,0.00516
11,18.0,18,25.09090909090909,0.946354579813443,0,276.0,136.6280991735537,136.6280991735537,25.8,0.00552
12,15.0,15,24.25,0.9416228069143757,0,291.0,133.02083333333334,133.02083333333334,25.8,0.00582
13,13.0,13,23.384615384615383,0.9369146928798039,0,304.0,131.77514792899407,131.77514792899407,25.8,0.00608
14,32.0,32,24.0,0.9322301194154049,0,336.0,127.28571428571429,127.28571428571429,25.8,0.00672
15,24.0,24,24.0,0.9275689688183278,0,360.0,118.8,118.8,25.8,0.0072
16,16.0,16,23.5,0.9229311239742362,0,376.0,115.125,115.125,25.8,0.00752
17,41.0,41,24.529411764705884,0.918316468354365,0,417.0,125.30795847750863,125.30795847750863,25.8,0.00834
18,13.0,13,23.88888888888889,0.9137248860125932,0,430.0,125.32098765432099,125.32098765432099,25.8,0.0086
19,33.0,33,24.36842105263158,0.9091562615825302,0,463.0,122.86426592797783,122.86426592797783,25.8,0.00926
20,15.0,15,23.9,0.9046104802746175,0,478.0,120.89000000000001,120.89000000000001,25.8,0.00956
21,25.0,25,23.952380952380953,0.9000874278732445,0,503.0,115.18820861678006,115.18820861678006,25.8,0.01006
22,25.0,25,24.0,0.8955869907338783,0,528.0,110.0,110.0,25.8,0.01056
23,13.0,13,23.52173913043478,0.8911090557802088,0,541.0,110.24952741020792,110.24952741020792,25.8,0.01082
24,54.0,54,24.791666666666668,0.8866535105013078,0,595.0,142.74826388888889,142.74826388888889,25.9,0.0119
25,18.0,18,24.52,0.8822202429488013,0,613.0,138.80960000000002,138.80960000000002,25.9,0.01226
26,35.0,35,24.923076923076923,0.8778091417340573,0,648.0,137.53254437869825,137.53254437869825,27.2,0.01296
27,27.0,27,25.0,0.8734200960253871,0,675.0,132.59259259259258,132.59259259259258,27.2,0.0135
28,11.0,11,24.5,0.8690529955452602,0,686.0,134.60714285714286,134.60714285714286,27.2,0.01372
29,24.0,24,24.482758620689655,0.8647077305675338,0,710.0,129.97384066587398,129.97384066587398,27.2,0.0142
30,59.0,59,25.633333333333333,0.8603841919146962,0,769.0,164.0322222222222,164.0322222222222,29.1,0.01538
31,17.0,17,25.35483870967742,0.8560822709551227,0,786.0,161.06763787721127,161.06763787721127,29.1,0.01572
32,19.0,19,25.15625,0.851801859600347,0,805.0,157.2568359375,157.2568359375,29.1,0.0161
33,43.0,43,25.696969696969695,0.8475428503023453,0,848.0,161.8475665748393,161.8475665748393,30.7,0.01696
34,18.0,18,25.470588235294116,0.8433051360508336,0,866.0,158.77854671280278,158.77854671280278,30.7,0.01732
35,12.0,12,25.085714285714285,0.8390886103705794,0,878.0,159.27836734693875,159.27836734693875,30.7,0.01756
36,26.0,26,25.11111111111111,0.8348931673187264,0,904.0,154.87654320987653,154.87654320987653,30.7,0.01808
37,18.0,18,24.91891891891892,0.8307187014821328,0,922.0,152.0204528853178,152.0204528853178,30.7,0.01844
38,15.0,15,24.657894736842106,0.8265651079747222,0,937.0,150.54085872576178,150.54085872576178,30.7,0.01874
39,21.0,21,24.564102564102566,0.8224322824348486,0,958.0,147.0151216305062,147.0151216305062,30.7,0.01916
40,17.0,17,24.375,0.8183201210226743,0,975.0,144.734375,144.734375,30.7,0.0195
41,26.0,26,24.414634146341463,0.8142285204175609,0,1001.0,141.2671029149316,141.2671029149316,30.7,0.02002
42,66.0,66,25.404761904761905,0.810157377815473,0,1067.0,178.0980725623583,178.0980725623583,30.7,0.02134
43,31.0,31,25.53488372093023,0.8061065909263957,0,1098.0,174.66738777717683,174.66738777717683,30.7,0.02196
44,104.0,104,27.318181818181817,0.8020760579717637,0,1202.0,307.4442148760331,307.4442148760331,33.6,0.02404
45,27.0,27,27.31111111111111,0.798065677681905,0,1229.0,300.61432098765437,300.61432098765437,35.1,0.02458
46,18.0,18,27.108695652173914,0.7940753492934954,0,1247.0,295.92296786389414,295.92296786389414,35.1,0.02494
47,42.0,42,27.425531914893618,0.7901049725470279,0,1289.0,294.24445450430056,294.24445450430056,36.7,0.02578
48,28.0,28,27.4375,0.7861544476842928,0,1317.0,288.12109375,288.12109375,38.0,0.02634
49,17.0,17,27.224489795918366,0.7822236754458713,0,1334.0,284.41899208663057,284.41899208663057,38.0,0.02668
50,19.0,19,27.06,0.778312557068642,0,1353.0,280.0564,280.0564,38.0,0.02706
51,76.0,76,27.86,0.7744209942832988,0,1429.0,320.6074586697424,320.6074586697424,42.8,0.02858
52,31.0,31,27.92,0.7705488893118823,0,1460.0,314.60946745562126,314.60946745562126,42.8,0.0292
53,17.0,17,27.96,0.7666961448653229,0,1477.0,310.9448202207191,310.9448202207191,42.8,0.02954
54,45.0,45,28.62,0.7628626641409962,0,1522.0,310.52126200274347,310.52126200274347,42.8,0.03044
55,17.0,17,27.88,0.7590483508202912,0,1539.0,307.1087603305785,307.1087603305785,42.8,0.03078
56,43.0,43,28.18,0.7552531090661897,0,1582.0,305.58035714285717,305.58035714285717,42.8,0.03164
57,69.0,69,29.32,0.7514768435208588,0,1651.0,328.8408741151123,328.8408741151123,42.8,0.03302
58,61.0,61,30.08,0.7477194593032545,0,1712.0,340.5600475624256,340.5600475624256,42.8,0.03424
59,19.0,19,30.04,0.7439808620067382,0,1731.0,336.6308532031025,336.6308532031025,42.8,0.03462
60,59.0,59,30.64,0.7402609576967045,0,1790.0,345.43888888888887,345.43888888888887,43.7,0.0358
61,65.0,65,31.58,0.736559652908221,0,1855.0,359.71728030099445,359.71728030099445,43.7,0.0371
62,29.0,29,31.86,0.7328768546436799,0,1884.0,353.94693028095736,353.94693028095736,43.7,0.03768
63,19.0,19,31.98,0.7292124703704616,0,1903.0,350.35424540186443,350.35424540186443,43.7,0.03806
64,108.0,108,33.5,0.7255664080186093,0,2011.0,437.962646484375,437.962646484375,48.9,0.04022
65,56.0,56,34.14,0.7219385759785162,0,2067.0,440.37538461538463,440.37538461538463,52.8,0.04134
66,15.0,15,34.12,0.7183288830986236,0,2082.0,437.9146005509642,437.9146005509642,52.8,0.04164
67,18.0,18,33.66,0.7147372386831305,0,2100.0,434.07618623301397,434.07618623301397,52.8,0.042
68,50.0,50,34.4,0.7111635524897149,0,2150.0,432.7361591695502,432.7361591695502,52.8,0.043
69,80.0,80,35.34,0.7076077347272662,0,2230.0,459.8983406847301,459.8983406847301,52.8,0.0446
70,122.0,122,37.48,0.7040696960536299,0,2352.0,566.5828571428572,566.5828571428572,56.2,0.04704
71,111.0,111,39.2,0.7005493475733617,0,2463.0,641.7913112477682,641.7913112477682,60.8,0.04926
72,95.0,95,40.6,0.697046600835495,0,2558.0,682.6936728395062,682.6936728395062,67.4,0.05116
73,17.0,17,40.68,0.6935613678313175,0,2575.0,677.979733533496,677.979733533496,67.4,0.0515
74,36.0,36,40.32,0.6900935609921609,0,2611.0,668.8248721694669,668.8248721694669,67.4,0.05222
75,11.0,11,40.18,0.6866430931872001,0,2622.0,667.6650666666666,667.6650666666666,67.4,0.05244
76,121.0,121,41.9,0.6832098777212641,0,2743.0,755.0046745152355,755.0046745152355,67.4,0.05486
77,92.0,92,43.2,0.6797938283326578,0,2835.0,785.2656434474617,785.2656434474617,73.5,0.0567
78,191.0,191,46.8,0.6763948591909945,0,3026.0,1076.0604865220248,1076.0604865220248,87.6,0.06052
79,13.0,13,46.58,0.6730128848950395,0,3039.0,1070.7553276718472,1070.7553276718472,87.6,0.06078
80,130.0,130,48.0,0.6696478204705644,0,3169.0,1160.78734375,1160.78734375,87.6,0.06338
81,95.0,95,49.56,0.6662995813682115,0,3264.0,1183.8628257887515,1183.8628257887515,87.6,0.06528
82,96.0,96,51.1,0.6629680834613705,0,3360.0,1206.8042831647829,1206.8042831647829,87.6,0.0672
83,37.0,37,50.98,0.6596532430440636,0,3397.0,1192.4526056031355,1192.4526056031355,87.6,0.06794
84,84.0,84,52.3,0.6563549768288433,0,3481.0,1200.0797902494328,1200.0797902494328,87.6,0.06962
85,47.0,47,53.0,0.653073201944699,0,3528.0,1186.320553633218,1186.320553633218,90.6,0.07056
86,160.0,160,55.68,0.6498078359349755,0,3688.0,1333.8934559221202,1333.8934559221202,94.5,0.07376
87,130.0,130,57.92,0.6465587967553006,0,3818.0,1404.7913859162372,1404.7913859162372,98.3,0.07636
88,27.0,27,58.16,0.6433260027715241,0,3845.0,1392.0308626033059,1392.0308626033059,98.3,0.0769
89,101.0,101,59.76,0.6401093727576664,0,3946.0,1412.8751420275216,1412.8751420275216,98.3,0.07892
90,24.0,24,59.9,0.6369088258938781,0,3970.0,1401.720987654321,1401.720987654321,98.3,0.0794
91,101.0,101,61.4,0.6337242817644086,0,4071.0,1421.49088274363,1421.49088274363,98.3,0.08142
92,15.0,15,60.38,0.6305556603555866,0,4086.0,1415.546786389414,1415.546786389414,98.3,0.08172
93,40.0,40,60.56,0.6274028820538087,0,4126.0,1400.5330095964853,1400.5330095964853,98.3,0.08252
94,21.0,21,58.9,0.6242658676435396,0,4147.0,1391.3799230421005,1391.3799230421005,98.3,0.08294
95,81.0,81,59.98,0.6211445383053219,0,4228.0,1390.9026038781158,1390.9026038781158,98.3,0.08456
96,30.0,30,60.22,0.6180388156137953,0,4258.0,1378.5828993055557,1378.5828993055557,98.3,0.08516
97,98.0,98,61.34,0.6149486215357263,0,4356.0,1393.7336592624083,1393.7336592624083,98.3,0.08712
98,220.0,220,65.18,0.6118738784280476,0,4576.0,1689.1511870054142,1689.1511870054142,98.3,0.09152
99,164.0,164,68.12,0.6088145090359074,0,4740.0,1809.6822773186411,1809.6822773186411,98.3,0.0948
100,14.0,14,68.02,0.6057704364907278,0,4754.0,1802.9484000000002,1802.9484000000002,98.3,0.09508
101,91.0,91,68.32,0.6027415843082742,0,4845.0,1803.612979119694,1803.612979119694,98.3,0.0969
102,22.0,22,68.14,0.5997278763867329,0,4867.0,1792.47798923491,1792.47798923491,98.3,0.09734
103,103.0,103,69.86,0.5967292370047992,0,4970.0,1804.4605523612026,1804.4605523612026,98.3,0.0994
104,18.0,18,69.32,0.5937455908197752,0,4988.0,1795.8254437869823,1795.8254437869823,98.3,0.09976
105,22.0,22,69.42,0.5907768628656763,0,5010.0,1785.0802721088437,1785.0802721088437,98.3,0.1002
106,91.0,91,70.38,0.5878229785513479,0,5101.0,1785.74911000356,1785.74911000356,98.3,0.10202
107,53.0,53,70.06,0.5848838636585911,0,5154.0,1769.280111800157,1769.280111800157,98.3,0.10308
108,111.0,111,71.06,0.5819594443402982,0,5265.0,1789.1134259259259,1789.1134259259259,98.3,0.1053
109,24.0,24,71.16,0.5790496471185967,0,5289.0,1778.2678225738573,1778.2678225738573,98.3,0.10578
110,26.0,26,70.5,0.5761543988830038,0,5315.0,1766.671487603306,1766.671487603306,98.3,0.1063
111,89.0,89,70.98,0.5732736268885887,0,5404.0,1765.5312068825583,1765.5312068825583,98.3,0.10808
112,43.0,43,71.26,0.5704072587541458,0,5447.0,1750.0534917091838,1750.0534917091838,98.3,0.10894
113,140.0,140,73.68,0.567555222460375,0,5587.0,1807.7865142141122,1807.7865142141122,98.3,0.11174
114,74.0,74,73.0,0.5647174463480732,0,5661.0,1797.1724376731304,1797.1724376731304,98.3,0.11322
115,41.0,41,72.7,0.5618938591163328,0,5702.0,1782.1910018903595,1782.1910018903595,98.3,0.11404
116,31.0,31,73.02,0.5590843898207511,0,5733.0,1769.7784631391205,1769.7784631391205,98.3,0.11466
117,13.0,13,72.92,0.5562889678716474,0,5746.0,1765.893637226971,1765.893637226971,98.3,0.11492
118,44.0,44,72.8,0.5535075230322891,0,5790.0,1751.147945992531,1751.147945992531,98.3,0.1158
119,126.0,126,73.72,0.5507399854171277,0,5916.0,1785.7503001200478,1785.7503001200478,98.3,0.11832
120,46.0,46,72.2,0.547986285490042,0,5962.0,1770.9830555555557,1770.9830555555557,98.3,0.11924
121,71.0,71,71.4,0.5452463540625918,0,6033.0,1760.071170002049,1760.071170002049,98.3,0.12066
122,73.0,73,70.96,0.5425201222922789,0,6106.0,1749.9975812953508,1749.9975812953508,98.3,0.12212
123,121.0,121,73.04,0.5398075216808175,0,6227.0,1776.3642012029877,1776.3642012029877,98.3,0.12454
124,160.0,160,75.52,0.5371084840724134,0,6387.0,1857.7338059313215,1857.7338059313215,98.3,0.12774
125,150.0,150,78.3,0.5344229416520513,0,6537.0,1919.8563840000002,1919.8563840000002,98.3,0.13074
126,194.0,194,79.76,0.531750826943791,0,6731.0,2062.719891660369,2062.719891660369,99.8,0.13462
127,322.0,322,84.36,0.5290920728090721,0,7053.0,2609.996775993552,2609.996775993552,130.7,0.14106
128,183.0,183,84.2,0.5264466124450268,0,7236.0,2715.5458984375,2715.5458984375,144.6,0.14472
129,11.0,11,84.16,0.5238143793828016,0,7247.0,2710.4410792620633,2710.4410792620633,144.6,0.14494
130,59.0,59,82.74,0.5211953074858876,0,7306.0,2689.6523076923077,2689.6523076923077,144.6,0.14612
131,167.0,167,84.18,0.5185893309484582,0,7473.0,2762.120039624731,2762.120039624731,144.6,0.14946
132,105.0,105,84.36,0.5159963842937159,0,7578.0,2758.4841597796144,2758.4841597796144,147.2,0.15156
133,164.0,164,86.9,0.5134164023722473,0,7742.0,2822.5271072417886,2822.5271072417886,151.5,0.15484
134,15.0,15,85.52,0.510849320360386,0,7757.0,2815.2934395188245,2815.2934395188245,151.5,0.15514
135,36.0,36,85.3,0.5082950737585841,0,7793.0,2797.9619204389573,2797.9619204389573,151.5,0.15586
136,109.0,109,84.28,0.5057535983897912,0,7902.0,2796.577638408304,2796.577638408304,151.5,0.15804
137,10.0,10,81.88,0.5032248303978422,0,7912.0,2792.9311098087273,2792.9311098087273,151.5,0.15824
138,62.0,62,82.58,0.500708706245853,0,7974.0,2772.822306238186,2772.822306238186,151.5,0.15948
139,119.0,119,82.94,0.4982051627146237,0,8093.0,2779.6409088556493,2779.6409088556493,151.5,0.16186
140,39.0,39,83.24,0.49571413690105054,0,8132.0,2762.40693877551,2762.40693877551,151.5,0.16264
141,44.0,44,82.1,0.4932355662165453,0,8176.0,2744.212564760324,2744.212564760324,151.5,0.16352
142,105.0,105,83.9,0.4907693883854626,0,8281.0,2740.343235469153,2740.343235469153,151.5,0.16562
143,12.0,12,83.34,0.4883155414435353,0,8293.0,2736.0768741747765,2736.0768741747765,151.5,0.16586
144,134.0,134,85.6,0.4858739637363176,0,8427.0,2756.9162326388887,2756.9162326388887,151.5,0.16854
145,11.0,11,84.2,0.483444593917636,0,8438.0,2753.369607609988,2753.369607609988,151.5,0.16876
146,117.0,117,85.94,0.4810273709480478,0,8555.0,2758.0353255770315,2758.0353255770315,151.5,0.1711
147,329.0,329,90.56,0.47862223409330756,0,8884.0,3233.293442547087,3233.293442547087,151.5,0.17768
148,62.0,62,87.4,0.47622912292284103,0,8946.0,3211.4632943754564,3211.4632943754564,151.5,0.17892
149,167.0,167,87.46,0.4738479773082268,0,9113.0,3265.598216296563,3265.598216296563,151.5,0.18226
150,136.0,136,89.9,0.47147873742168567,0,9249.0,3280.917733333334,3280.917733333334,151.5,0.18498
151,190.0,190,91.88,0.46912134373457726,0,9439.0,3367.54791456515,3367.54791456515,151.5,0.18878
152,110.0,110,93.64,0.46677573701590436,0,9549.0,3360.132920706372,3360.132920706372,151.5,0.19098
153,35.0,35,92.28,0.46444185833082485,0,9584.0,3343.19757358281,3343.19757358281,151.5,0.19168
154,97.0,97,93.86,0.46211964903917074,0,9681.0,3329.1047815820543,3329.1047815820543,151.5,0.19362
155,242.0,242,98.26,0.4598090507939749,0,9923.0,3513.3222060353805,3513.3222060353805,151.5,0.19846
156,51.0,51,97.46,0.457510005540005,0,9974.0,3491.880506245891,3491.880506245891,151.5,0.19948
157,48.0,48,97.36,0.45522245551230495,0,10022.0,3471.246460302649,3471.246460302649,151.5,0.20044
158,85.0,85,96.84,0.4529463432347434,0,10107.0,3452.0939352667842,3452.0939352667842,151.5,0.20214
159,13.0,13,96.62,0.4506816115185697,0,10120.0,3446.61809263874,3446.61809263874,151.5,0.2024
160,45.0,45,97.0,0.4484282034609769,0,10165.0,3427.2365234375,3427.2365234375,151.5,0.2033
161,15.0,15,95.52,0.446186062443672,0,10180.0,3420.4875583503717,3420.4875583503717,151.5,0.2036
162,74.0,74,96.14,0.4439551321314536,0,10254.0,3400.085048010974,3400.085048010974,151.5,0.20508
163,113.0,113,95.6,0.4417353564707963,0,10367.0,3394.2888328503145,3394.2888328503145,151.5,0.20734
164,21.0,21,94.54,0.43952667968844233,0,10388.0,3384.590719809637,3384.590719809637,151.5,0.20776
165,17.0,17,94.06,0.43732904629000013,0,10405.0,3377.0145087235996,3377.0145087235996,151.5,0.2081
166,108.0,108,95.6,0.4351424010585501,0,10513.0,3368.7637175206855,3368.7637175206855,151.5,0.21026
167,104.0,104,97.42,0.43296668905325736,0,10617.0,3358.436014199147,3358.436014199147,151.5,0.21234
168,69.0,69,97.92,0.43080185560799106,0,10686.0,3338.619472789115,3338.619472789115,151.5,0.21372
169,13.0,13,95.66,0.4286478463299511,0,10699.0,3333.9289940828403,3333.9289940828403,151.5,0.21398
170,109.0,109,96.92,0.42650460709830135,0,10808.0,3326.526505190312,3326.526505190312,151.5,0.21616
171,13.0,13,95.76,0.42437208406280985,0,10821.0,3321.94459833795,3321.94459833795,151.5,0.21642
172,142.0,142,97.14,0.4222502236424958,0,10963.0,3338.448992698756,3338.448992698756,151.5,0.21926
173,11.0,11,94.94,0.42013897252428334,0,10974.0,3335.1357546192653,3335.1357546192653,151.5,0.21948
174,35.0,35,92.44,0.4180382776616619,0,11009.0,3320.5879574580526,3320.5879574580526,151.5,0.22018
175,109.0,109,91.62,0.4159480862733536,0,11118.0,3313.4947265306128,3313.4947265306128,151.5,0.22236
176,95.0,95,89.64,0.41386834584198684,0,11213.0,3300.2626226756197,3300.2626226756197,151.5,0.22426
177,13.0,13,83.46,0.4117990041127769,0,11226.0,3296.063391745667,3296.063391745667,151.5,0.22452
178,89.0,89,81.58,0.40974000909221303,0,11315.0,3281.200511299079,3281.200511299079,151.5,0.2263
179,26.0,26,81.88,0.40769130904675194,0,11341.0,3270.7101526169586,3270.7101526169586,151.5,0.22682
180,62.0,62,81.94,0.40565285250151817,0,11403.0,3252.549722222222,3252.549722222222,151.5,0.22806
181,244.0,244,83.48,0.4036245882390106,0,11647.0,3413.884374713837,3413.884374713837,151.5,0.23294
182,26.0,26,81.9,0.4016064652978155,0,11673.0,3403.1624501871756,3403.1624501871756,151.5,0.23346
183,100.0,100,80.62,0.3995984329713264,0,11773.0,3391.555555555556,3391.555555555556,151.5,0.23546
184,66.0,66,81.64,0.3976004408064698,0,11839.0,3373.1382029773163,3373.1382029773163,151.5,0.23678
185,22.0,22,81.36,0.39561243860243744,0,11861.0,3364.5438714390066,3364.5438714390066,151.5,0.23722
186,30.0,30,79.78,0.3936343764094253,0,11891.0,3352.677910741126,3352.677910741126,151.5,0.23782
187,45.0,45,80.48,0.39166620452737816,0,11936.0,3336.6552088993108,3336.6552088993108,151.5,0.23872
188,351.0,351,86.26,0.3897078735047413,0,12287.0,3755.2293741512,3755.2293741512,151.5,0.24574
189,193.0,193,87.74,0.3877593341372176,0,12480.0,3821.1101033005793,3821.1101033005793,151.5,0.2496
190,75.0,75,88.46,0.3858205374665315,0,12555.0,3801.420083102493,3801.420083102493,151.5,0.2511
191,111.0,111,89.8,0.38389143477919885,0,12666.0,3792.0269729448214,3792.0269729448214,151.5,0.25332
192,11.0,11,87.92,0.3819719776053028,0,12677.0,3788.12953016493,3788.12953016493,151.5,0.25354
193,284.0,284,93.36,0.3800621177172763,0,12961.0,4013.4058900910086,4013.4058900910086,151.5,0.25922
194,34.0,34,91.36,0.37816180712868996,0,12995.0,3998.3554309703477,3998.3554309703477,151.5,0.2599
195,139.0,139,93.92,0.37627099809304654,0,13134.0,4004.3106903353055,4004.3106903353055,151.5,0.26268
196,302.0,302,97.62,0.3743896431025813,0,13436.0,4263.3596418159095,4263.3596418159095,154.5,0.26872
197,25.0,25,91.54,0.37251769488706843,0,13461.0,4251.29722487052,4251.29722487052,154.5,0.26922
198,260.0,260,95.5,0.3706551064126331,0,13721.0,4414.431410060199,4414.431410060199,154.5,0.27442
199,81.0,81,93.78,0.36880183088056995,0,13802.0,4392.933006742253,4392.933006742253,154.5,0.27604
200,92.0,92,92.9,0.3669578217261671,0,13894.0,4373.5191,4373.5191,154.5,0.27788
201,121.0,121,91.52,0.36512303261753626,0,14015.0,4364.90522511819,4364.90522511819,154.5,0.2803
202,216.0,216,93.64,0.3632974174544486,0,14231.0,4448.693093814332,4448.693093814332,155.4,0.28462
203,146.0,146,95.86,0.3614809303671764,0,14377.0,4454.756727899246,4454.756727899246,155.4,0.28754
204,142.0,142,96.76,0.3596735257153405,0,14519.0,4457.632328911956,4457.632328911956,155.4,0.29038
205,170.0,170,95.32,0.3578751580867638,0,14689.0,4483.299559785843,4483.299559785843,155.5,0.29378
206,24.0,24,94.78,0.35608578229633,0,14713.0,4472.506103308511,4472.506103308511,155.5,0.29426
207,139.0,139,96.6,0.3543053533848483,0,14852.0,4472.854769072791,4472.854769072791,155.5,0.29704
208,215.0,215,99.2,0.35253382661792404,0,15067.0,4549.534555288462,4549.534555288462,155.5,0.30134
209,173.0,173,102.4,0.3507711574848344,0,15240.0,4575.921613516173,4575.921613516173,155.5,0.3048
210,78.0,78,103.06,0.34901730169741024,0,15318.0,4554.25387755102,4554.25387755102,155.5,0.30636
211,69.0,69,104.14,0.3472722151889232,0,15387.0,4532.743065070416,4532.743065070416,155.5,0.30774
212,143.0,143,105.52,0.3455358541129786,0,15530.0,4534.416251334995,4534.416251334995,155.5,0.3106
213,13.0,13,103.52,0.3438081748424137,0,15543.0,4530.09310322026,4530.09310322026,155.5,0.31086
214,136.0,136,105.82,0.3420891339682016,0,15679.0,4527.401017556119,4527.401017556119,155.5,0.31358
215,18.0,18,105.84,0.3403786882983606,0,15697.0,4520.483634396971,4520.483634396971,155.5,0.31394
216,157.0,157,106.82,0.3386767948568688,0,15854.0,4532.063700274348,4532.063700274348,155.5,0.31708
217,149.0,149,107.72,0.33698341088258443,0,16003.0,4537.396589437023,4537.396589437023,155.5,0.32006
218,15.0,15,106.64,0.3352984938281715,0,16018.0,4532.341217069271,4532.341217069271,155.5,0.32036
219,140.0,140,109.18,0.33362200135903064,0,16158.0,4531.760180146369,4531.760180146369,155.5,0.32316
220,150.0,150,110.0,0.33195389135223546,0,16308.0,4537.447438016528,4537.447438016528,155.5,0.32616
221,135.0,135,112.44,0.3302941218954743,0,16443.0,4533.607051452674,4533.607051452674,155.5,0.32886
222,14.0,14,109.88,0.32864265128599696,0,16457.0,4529.545998701403,4529.545998701403,155.5,0.32914
223,25.0,25,110.16,0.326999438029567,0,16482.0,4520.009893623439,4520.009893623439,155.5,0.32964
224,138.0,138,112.22,0.3253644408394192,0,16620.0,4518.086415816327,4518.086415816327,155.5,0.3324
225,73.0,73,111.5,0.3237376186352221,0,16693.0,4498.012365432098,4498.012365432098,155.5,0.33386
226,164.0,164,112.88,0.322118930542046,0,16857.0,4513.640398621662,4513.640398621662,155.5,0.33714
227,166.0,166,115.94,0.32050833588933575,0,17023.0,4530.405208717421,4530.405208717421,155.5,0.34046
228,156.0,156,117.28,0.31890579420988907,0,17179.0,4539.191347337643,4539.191347337643,155.5,0.34358
229,149.0,149,119.74,0.3173112652388396,0,17328.0,4542.95535935623,4542.95535935623,155.5,0.34656
230,182.0,182,122.14,0.3157247089126454,0,17510.0,4572.1482041587915,4572.1482041587915,155.5,0.3502
231,142.0,142,120.1,0.3141460853680822,0,17652.0,4571.0567268229615,4571.0567268229615,155.5,0.35304
232,154.0,154,122.66,0.3125753549412418,0,17806.0,4577.1875,4577.1875,155.5,0.35612
233,82.0,82,122.3,0.31101247816653554,0,17888.0,4557.660704746819,4557.660704746819,155.5,0.35776
234,165.0,165,124.28,0.30945741577570285,0,18053.0,4571.30668785156,4571.30668785156,155.5,0.36106
235,144.0,144,126.72,0.3079101286968243,0,18197.0,4570.790330466273,4570.790330466273,155.5,0.36394
236,138.0,138,128.88,0.3063705780533402,0,18335.0,4566.900082591209,4566.900082591209,155.5,0.3667
237,163.0,163,131.24,0.30483872516307353,0,18498.0,4578.208406772419,4578.208406772419,155.5,0.36996
238,11.0,11,124.44,0.3033145315372582,0,18509.0,4577.7827307393545,4577.7827307393545,155.5,0.37018
239,153.0,153,123.64,0.3017979588795719,0,18662.0,4582.210570543232,4582.210570543232,155.5,0.37324
240,13.0,13,122.4,0.30028896908517405,0,18675.0,4580.694010416667,4580.694010416667,155.5,0.3735
241,129.0,129,122.76,0.2987875242397482,0,18804.0,4572.513902997538,4572.513902997538,155.5,0.37608
242,158.0,158,125.7,0.29729358661854943,0,18962.0,4579.939826514583,4579.939826514583,155.5,0.37924
243,151.0,151,123.04,0.29580711868545667,0,19113.0,4582.720012193263,4582.720012193263,155.5,0.38226
244,144.0,144,125.24,0.2943280830920294,0,19257.0,4581.366887261488,4581.366887261488,155.5,0.38514
245,144.0,144,125.34,0.29285644267656924,0,19401.0,4579.883115368597,4579.883115368597,155.5,0.38802
246,16.0,16,119.62,0.2913921604631864,0,19417.0,4577.4301837530575,4577.4301837530575,155.5,0.38834
247,147.0,147,122.06,0.28993519966087045,0,19564.0,4577.580848727236,4577.580848727236,155.5,0.39128
248,145.0,145,119.76,0.2884855236625661,0,19709.0,4576.507267819979,4576.507267819979,155.5,0.39418
249,157.0,157,121.28,0.28704309604425327,0,19866.0,4582.169835970387,4582.169835970387,155.5,0.39732
250,177.0,177,122.98,0.285607880564032,0,20043.0,4601.4944160000005,4601.4944160000005,155.5,0.40086
251,141.0,141,123.38,0.28417984116121187,0,20184.0,4597.844256440374,4597.844256440374,155.5,0.40368
252,21.0,21,119.48,0.2827589419554058,0,20205.0,4593.551445578231,4593.551445578231,155.5,0.4041
253,150.0,150,119.56,0.28134514724562876,0,20355.0,4594.587854832914,4594.587854832914,155.5,0.4071
254,168.0,168,120.08,0.2799384215094006,0,20523.0,4606.554172608346,4606.554172608346,155.5,0.41046
255,19.0,19,117.06,0.27853872940185365,0,20542.0,4603.407550941945,4603.407550941945,155.5,0.41084
256,154.0,154,119.66,0.27714603575484437,0,20696.0,4606.4130859375,4606.4130859375,155.5,0.41392
257,146.0,146,119.8,0.2757603055760701,0,20842.0,4604.943844721343,4604.943844721343,155.5,0.41684
258,67.0,67,116.84,0.2743815040481898,0,20909.0,4587.86252328586,4587.86252328586,155.5,0.41818
259,157.0,157,116.52,0.2730095965279488,0,21066.0,4592.338903713421,4592.338903713421,155.5,0.42132
260,163.0,163,118.22,0.27164454854530906,0,21229.0,4600.2275,4600.2275,155.5,0.42458
261,171.0,171,120.26,0.2702863258025825,0,21400.0,4613.072738215822,4613.072738215822,155.5,0.428
262,67.0,67,118.74,0.2689348941735696,0,21467.0,4596.320217353302,4596.320217353302,155.5,0.42934
263,156.0,156,121.6,0.26759021970270175,0,21623.0,4599.622229611531,4599.622229611531,155.5,0.43246
264,60.0,60,120.08,0.2662522686041882,0,21683.0,4584.061969123049,4584.061969123049,155.5,0.43366
265,159.0,159,122.9,0.2649210072611673,0,21842.0,4588.976091135635,4588.976091135635,155.5,0.43684
266,156.0,156,122.88,0.26359640222486147,0,21998.0,4591.999773870768,4591.999773870768,155.5,0.43996
267,141.0,141,122.72,0.26227842021373715,0,22139.0,4587.483847437893,4587.483847437893,155.5,0.44278
268,15.0,15,122.72,0.2609670281126685,0,22154.0,4587.514089997772,4587.514089997772,155.5,0.44308
269,14.0,14,120.2,0.25966219297210513,0,22168.0,4587.922002183497,4587.922002183497,155.5,0.44336
270,157.0,157,120.34,0.2583638820072446,0,22325.0,4591.460150891632,4591.460150891632,155.5,0.4465
271,151.0,151,120.66,0.2570720625972084,0,22476.0,4591.6750316580665,4591.6750316580665,155.5,0.44952
272,183.0,183,124.04,0.25578670228422234,0,22659.0,4611.469385272492,4611.469385272492,155.5,0.45318
273,97.0,97,125.48,0.25450776877280124,0,22756.0,4595.262032229065,4595.262032229065,155.5,0.45512
274,170.0,170,126.12,0.2532352299289372,0,22926.0,4605.789919548191,4605.789919548191,155.5,0.45852
275,186.0,186,128.38,0.2519690537792925,0,23112.0,4626.979914049587,4626.979914049587,155.5,0.46224
276,112.0,112,127.34,0.2507092085103961,0,23224.0,4613.036967023735,4613.036967023735,155.5,0.46448
277,178.0,178,127.58,0.2494556624678441,0,23402.0,4628.069230668977,4628.069230668977,155.5,0.46804
278,207.0,207,128.6,0.24820838415550486,0,23609.0,4665.2209124786505,4665.2209124786505,155.5,0.47218
279,175.0,175,129.12,0.24696734223472733,0,23784.0,4677.4764712683545,4677.4764712683545,161.6,0.47568
280,166.0,166,128.8,0.2457325055235537,0,23950.0,4683.977295918367,4683.977295918367,162.5,0.479
281,18.0,18,126.32,0.24450384299593592,0,23968.0,4683.482149415533,4683.482149415533,162.5,0.47936
282,207.0,207,127.38,0.24328132378095624,0,24175.0,4719.212677933706,4719.212677933706,162.5,0.4835
283,228.0,228,130.3,0.24206491716205145,0,24403.0,4773.809437001336,4773.809437001336,164.7,0.48806
284,194.0,194,130.88,0.2408545925762412,0,24597.0,4797.752169708391,4797.752169708391,167.1,0.49194
285,21.0,21,128.42,0.23965031961336,0,24618.0,4795.9686795937205,4795.9686795937205,167.1,0.49236
286,263.0,263,130.92,0.2384520680152932,0,24881.0,4887.891596166071,4887.891596166071,167.1,0.49762
287,127.0,127,130.2,0.23725980767521673,0,25008.0,4876.417074384781,4876.417074384781,167.1,0.50016
288,193.0,193,133.84,0.23607350863684065,0,25201.0,4898.263876832562,4898.263876832562,167.1,0.50402
289,14.0,14,131.06,0.23489314109365644,0,25215.0,4899.944852192862,4899.944852192862,167.1,0.5043
290,176.0,176,134.32,0.23371867538818816,0,25391.0,4910.115921521998,4910.115921521998,167.1,0.50782
291,197.0,197,135.68,0.23255008201124722,0,25588.0,4934.26331762733,4934.26331762733,167.1,0.51176
292,123.0,123,134.98,0.231387331601191,0,25711.0,4921.562429630325,4921.562429630325,167.1,0.51422
293,116.0,116,134.28,0.23023039494318503,0,25827.0,4907.422148190428,4907.422148190428,167.1,0.51654
294,174.0,174,134.88,0.2290792429684691,0,26001.0,4915.715639316951,4915.715639316951,167.1,0.52002
295,166.0,166,135.32,0.22793384675362674,0,26167.0,4919.375420856077,4919.375420856077,167.1,0.52334
296,172.0,172,138.44,0.22679417751985861,0,26339.0,4926.117957907231,4926.117957907231,167.1,0.52678
297,39.0,39,136.28,0.22566020663225933,0,26378.0,4917.915201396683,4917.915201396683,167.1,0.52756
298,500.0,500,143.38,0.22453190559909803,1,26878.0,5466.868159091932,5466.868159091932,167.7,0.53756
299,500.0,500,150.24,0.22340924607110255,1,27378.0,6008.379525956086,6008.379525956086,216.3,0.54756
300,441.0,441,155.52,0.22229219984074702,0,27819.0,6394.010433333333,6394.010433333333,242.8,0.55638
301,500.0,500,162.7,0.2211807388415433,1,28319.0,6921.996423880531,6921.996423880531,273.1,0.56638
302,412.0,412,170.52,0.22007483514733558,0,28731.0,7232.640509188193,7232.640509188193,302.0,0.57462
303,492.0,492,177.36,0.2189744609715989,0,29223.0,7726.860895990588,7726.860895990588,339.6,0.58446
304,140.0,140,176.8,0.2178795886667409,0,29363.0,7707.66316438712,7707.66316438712,339.6,0.58726
305,429.0,429,185.0,0.2167901907234072,0,29792.0,8043.490201558722,8043.490201558722,362.5,0.59584
306,500.0,500,191.92,0.21570623976979014,1,30292.0,8544.43786577812,8544.43786577812,395.3,0.60584
307,500.0,500,199.0,0.21462770857094118,1,30792.0,9038.698468949273,9038.698468949273,441.4,0.61584
308,433.0,433,206.32,0.21355457002808648,0,31225.0,9367.56673764547,9367.56673764547,441.4,0.6245
309,23.0,23,203.64,0.21248679717794605,0,31248.0,9357.068212523956,9357.068212523956,441.4,0.62496
310,500.0,500,210.38,0.21142436319205632,1,31748.0,9838.45531737773,9838.45531737773,441.4,0.63496
311,500.0,500,216.96,0.21036724137609603,1,32248.0,10313.467416589983,10313.467416589983,441.4,0.64496
312,428.0,428,224.18,0.20931540516921554,0,32676.0,10616.43392504931,10616.43392504931,441.4,0.65352
313,129.0,129,223.64,0.20826882814336947,0,32805.0,10584.391368698261,10584.391368698261,441.4,0.6561
314,500.0,500,232.44,0.20722748400265262,1,33305.0,11046.476418921658,11046.476418921658,441.4,0.6661
315,500.0,500,239.26,0.20619134658263935,1,33805.0,11502.489695137316,11502.489695137316,441.4,0.6761
316,500.0,500,246.14,0.20516038984972615,1,34305.0,11952.518536692836,11952.518536692836,441.4,0.6861
317,290.0,290,249.12,0.2041345879004775,0,34595.0,12018.335758142679,12018.335758142679,441.4,0.6919
318,171.0,171,252.24,0.2031139149609751,0,34766.0,11992.54084094775,11992.54084094775,441.4,0.69532
319,160.0,160,255.16,0.20209834538617025,0,34926.0,11962.970804139111,11962.970804139111,441.4,0.69852
320,300.0,300,258.02,0.2010878536592394,0,35226.0,12038.655898437499,12038.655898437499,441.4,0.70452
321,174.0,174,258.48,0.2000824143909432,0,35400.0,12013.84039362972,12013.84039362972,441.4,0.708
322,500.0,500,264.82,0.19908200231898848,1,35900.0,12446.746807607733,12446.746807607733,441.4,0.718
323,500.0,500,272.88,0.19808659230739353,1,36400.0,12874.070143488389,12874.070143488389,441.4,0.728
324,500.0,500,279.48,0.19709615934585656,1,36900.0,13295.888888888883,13295.888888888883,441.4,0.738
325,500.0,500,285.76,0.19611067854912728,1,37400.0,13712.280236686387,13712.280236686387,441.4,0.748
326,500.0,500,293.52,0.19513012515638165,1,37900.0,14123.320109902521,14123.320109902521,441.4,0.758
327,500.0,500,299.96,0.19415447453059972,1,38400.0,14529.08318603934,14529.08318603934,441.4,0.768
328,350.0,350,302.82,0.19318370215794672,0,38750.0,14649.187648721,14649.187648721,441.4,0.775
329,500.0,500,309.32,0.192217783647157,1,39250.0,15046.526473332658,15046.526473332658,441.4,0.785
330,500.0,500,316.0,0.1912566947289212,1,39750.0,15438.787327823691,15438.787327823691,452.4,0.795
331,500.0,500,325.64,0.1903004112552766,1,40250.0,15826.040361077392,15826.040361077392,485.0,0.805
332,12.0,12,321.74,0.18934890919900021,0,40262.0,15814.4445855712,15814.4445855712,485.0,0.80524
333,500.0,500,327.18,0.18840216465300522,1,40762.0,16196.397767136512,16196.397767136512,485.0,0.81524
334,500.0,500,333.3,0.18746015382974018,1,41262.0,16573.499982071786,16573.499982071786,485.0,0.82524
335,500.0,500,342.88,0.1865228530605915,1,41762.0,16945.817562931614,16945.817562931614,485.0,0.83524
336,500.0,500,347.62,0.18559023879528855,1,42262.0,17313.41578089569,17313.41578089569,485.0,0.84524
337,500.0,500,355.08,0.1846622876013121,1,42762.0,17676.35886553549,17676.35886553549,485.0,0.85524
338,403.0,403,359.28,0.18373897616330553,0,43165.0,17848.946754315322,17848.946754315322,485.0,0.8633
339,500.0,500,369.0,0.182820281282489,1,43665.0,18203.944396585477,18203.944396585477,485.0,0.8733
340,500.0,500,375.48,0.18190617987607657,1,44165.0,18554.462932525956,18554.462932525956,485.0,0.8833
341,500.0,500,381.54,0.18099664897669618,1,44665.0,18900.562740258516,18900.562740258516,485.0,0.8933
342,500.0,500,389.08,0.1800916657318127,1,45165.0,19242.30324715297,19242.30324715297,490.3,0.9033
343,500.0,500,396.76,0.17919120740315364,1,45665.0,19579.742947241368,19579.742947241368,490.3,0.9133
344,500.0,500,403.28,0.17829525136613786,1,46165.0,19912.93941826663,19912.93941826663,490.3,0.9233
345,500.0,500,409.96,0.17740377510930716,1,46665.0,20241.949338374296,20241.949338374296,490.3,0.9333
346,500.0,500,416.52,0.17651675623376062,1,47165.0,20566.828502455814,20566.828502455814,490.3,0.9433
347,500.0,500,425.74,0.1756341724525918,1,47665.0,20887.631838151636,20887.631838151636,490.3,0.9533
348,500.0,500,425.74,0.17475600159032884,1,48165.0,21204.413421522,21204.413421522,500.0,0.9633
349,500.0,500,425.74,0.17388222158237718,1,48665.0,21517.22649239332,21517.22649239332,500.0,0.9733
350,500.0,500,426.92,0.1730128104744653,1,49165.0,21826.123469387763,21826.123469387763,500.0,0.9833
351,500.0,500,426.92,0.17214774642209296,1,49665.0,22131.15596464315,22131.15596464315,500.0,0.9933
352,500.0,500,428.68,0.1712870076899825,1,50165.0,22432.374798230896,22432.374798230896,500.0,1.0
353,500.0,500,428.84,0.17043057265153258,1,50665.0,22729.830012278402,22729.830012278402,500.0,1.0
354,500.0,500,436.04,0.16957841978827493,1,51165.0,23023.57088480322,23023.57088480322,500.0,1.0
355,500.0,500,437.46,0.16873052768933355,1,51665.0,23313.645943265226,23313.645943265226,500.0,1.0
356,500.0,500,437.46,0.1678868750508869,1,52165.0,23600.1029778437,23600.1029778437,500.0,1.0
357,265.0,265,432.76,0.16704744067563246,0,52430.0,23573.199648486843,23573.199648486843,500.0,1.0
358,500.0,500,434.1,0.1662122034722543,1,52930.0,23854.720264660897,23854.720264660897,500.0,1.0
359,500.0,500,443.64,0.16538114245489302,1,53430.0,24132.742716148998,24132.742716148998,500.0,1.0
360,500.0,500,443.64,0.16455423674261854,1,53930.0,24407.31219135802,24407.31219135802,500.0,1.0
361,500.0,500,443.64,0.16373146555890544,1,54430.0,24678.47320078882,24678.47320078882,500.0,1.0
362,500.0,500,445.08,0.16291280823111093,1,54930.0,24946.269588840383,24946.269588840383,500.0,1.0
363,500.0,500,452.5,0.16209824418995536,1,55430.0,25210.744545378653,25210.744545378653,500.0,1.0
364,500.0,500,452.5,0.16128775296900558,1,55930.0,25471.940617075226,25471.940617075226,500.0,1.0
365,500.0,500,452.5,0.16048131420416054,1,56430.0,25729.899718521305,25729.899718521305,500.0,1.0
366,500.0,500,452.5,0.15967890763313974,1,56930.0,25984.663143121612,25984.663143121612,500.0,1.0
367,500.0,500,456.7,0.15888051309497406,1,57430.0,26236.271573773654,26236.271573773654,500.0,1.0
368,500.0,500,463.28,0.1580861105294992,1,57930.0,26484.76509333649,26484.76509333649,500.0,1.0
369,500.0,500,470.08,0.1572956799768517,1,58430.0,26730.18319489428,26730.18319489428,500.0,1.0
370,465.0,465,473.38,0.15650920157696743,0,58895.0,26911.40427319211,26911.40427319211,500.0,1.0
371,500.0,500,479.9,0.1557266555690826,1,59395.0,27151.12587092508,27151.12587092508,500.0,1.0
372,500.0,500,479.9,0.1549480222912372,1,59895.0,27387.884343565733,27387.884343565733,500.0,1.0
373,500.0,500,479.9,0.15417328217978102,1,60395.0,27621.71695333107,27621.71695333107,500.0,1.0
374,500.0,500,479.9,0.1534024157688821,1,60895.0,27852.660420658296,27852.660420658296,500.0,1.0
375,14.0,14,470.18,0.1526354036900377,0,60909.0,27837.289557333334,27837.289557333334,500.0,1.0
376,299.0,299,466.16,0.1518722266715875,0,61208.0,27812.73132639203,27812.73132639203,500.0,1.0
377,500.0,500,466.16,0.15111286553822956,1,61708.0,28039.781972714925,28039.781972714925,500.0,1.0
378,500.0,500,469.16,0.15035730121053842,1,62208.0,28264.043839758135,28264.043839758135,500.0,1.0
379,500.0,500,469.16,0.14960551470448571,1,62708.0,28485.551534728947,28485.551534728947,500.0,1.0
380,500.0,500,469.16,0.14885748713096328,1,63208.0,28704.339168975075,28704.339168975075,500.0,1.0
381,500.0,500,469.16,0.14811319969530845,1,63708.0,28920.44036621407,28920.44036621407,500.0,1.0
382,500.0,500,478.92,0.1473726336968319,1,64208.0,29133.88827060662,29133.88827060662,500.0,1.0
383,500.0,500,478.92,0.14663577052834775,1,64708.0,29344.715554676906,29344.715554676906,500.0,1.0
384,500.0,500,478.92,0.14590259167570602,1,65208.0,29552.954427083332,29552.954427083332,500.0,1.0
385,500.0,500,478.92,0.1451730787173275,1,65708.0,29758.636640242876,29758.636640242876,500.0,1.0
386,490.0,490,478.72,0.14444721332374086,0,66198.0,29945.032376708106,29945.032376708106,500.0,1.0
387,500.0,500,478.72,0.14372497725712216,1,66698.0,30145.781917486252,30145.781917486252,500.0,1.0
388,500.0,500,480.66,0.14300635237083656,1,67198.0,30344.066718035923,30344.066718035923,500.0,1.0
389,500.0,500,480.66,0.14229132060898236,1,67698.0,30539.916786169804,30539.916786169804,500.0,1.0
390,500.0,500,480.66,0.14157986400593744,1,68198.0,30733.36170940171,30733.36170940171,500.0,1.0
391,500.0,500,480.66,0.14087196468590776,1,68698.0,30924.43066175653,30924.43066175653,500.0,1.0
392,500.0,500,480.66,0.14016760486247823,1,69198.0,31113.15241045397,31113.15241045397,500.0,1.0
393,500.0,500,480.66,0.13946676683816583,1,69698.0,31299.555322468907,31299.555322468907,500.0,1.0
394,500.0,500,480.66,0.138769433003975,1,70198.0,31483.66737097064,31483.66737097064,500.0,1.0
395,47.0,47,471.6,0.13807558583895513,0,70245.0,31447.408364044226,31447.408364044226,500.0,1.0
396,336.0,336,468.32,0.13738520790976036,0,70581.0,31431.007977502297,31431.007977502297,500.0,1.0
397,351.0,351,465.34,0.13669828187021155,0,70932.0,31426.830663223547,31426.830663223547,500.0,1.0
398,330.0,330,461.94,0.13601479046086049,0,71262.0,31405.263806469527,31405.263806469527,500.0,1.0
399,100.0,100,453.94,0.1353347165085562,0,71362.0,31342.176129546926,31342.176129546926,500.0,1.0
400,29.0,29,444.52,0.1346580429260134,0,71391.0,31319.81949375001,31319.81949375001,500.0,1.0
401,500.0,500,444.52,0.13398475271138335,1,71891.0,31498.86962145758,31498.86962145758,500.0,1.0
402,500.0,500,444.52,0.13331482894782642,1,72391.0,31675.752759832674,31675.752759832674,500.0,1.0
403,170.0,170,437.92,0.13264825480308728,0,72561.0,31597.40423252406,31597.40423252406,500.0,1.0
404,235.0,235,432.62,0.13198501352907185,0,72796.0,31526.647779629457,31526.647779629457,500.0,1.0
405,173.0,173,426.08,0.1313250884614265,0,72969.0,31448.93146776406,31448.93146776406,500.0,1.0
406,340.0,340,422.88,0.13066846301911936,0,73309.0,31434.236046737366,31434.236046737366,500.0,1.0
407,119.0,119,419.96,0.13001512070402377,0,73428.0,31366.291532094972,31366.291532094972,500.0,1.0
408,500.0,500,419.96,0.12936504510050365,1,73928.0,31539.133121876202,31539.133121876202,500.0,1.0
409,500.0,500,419.96,0.12871821987500112,1,74428.0,31709.91138264358,31709.91138264358,500.0,1.0
410,288.0,288,415.72,0.12807462877562611,0,74716.0,31659.920785246875,31659.920785246875,500.0,1.0
411,203.0,203,409.78,0.12743425563174798,0,74919.0,31583.93599374856,31583.93599374856,500.0,1.0
412,223.0,223,404.24,0.12679708435358925,0,75142.0,31511.289824677162,31511.289824677162,500.0,1.0
413,221.0,221,398.66,0.1261630989318213,0,75363.0,31438.59329655448,31438.59329655448,500.0,1.0
414,500.0,500,398.66,0.1255322834371622,1,75863.0,31605.595072230382,31605.595072230382,500.0,1.0
415,500.0,500,398.66,0.12490462201997637,1,76363.0,31770.624044128326,31770.624044128326,500.0,1.0
416,485.0,485,398.36,0.1242800989098765,0,76848.0,31911.50924556213,31911.50924556213,500.0,1.0
417,77.0,77,389.9,0.12365869841532712,0,76925.0,31862.748040416587,31862.748040416587,500.0,1.0
418,500.0,500,389.9,0.12304040492325048,1,77425.0,32024.12777294476,32024.12777294476,500.0,1.0
419,500.0,500,389.9,0.12242520289863423,1,77925.0,32183.6057438725,32183.6057438725,500.0,1.0
420,22.0,22,381.04,0.12181307688414106,0,77947.0,32170.847001133792,32170.847001133792,500.0,1.0
421,242.0,242,375.88,0.12120401149972035,0,78189.0,32101.972647412276,32101.972647412276,500.0,1.0
422,500.0,500,375.88,0.12059799144222175,1,78689.0,32259.40055816356,32259.40055816356,500.0,1.0
423,14.0,14,366.16,0.11999500148501063,0,78703.0,32253.289651202438,32253.289651202438,500.0,1.0
424,500.0,500,366.16,0.11939502647758558,1,79203.0,32409.122546947314,32409.122546947314,500.0,1.0
425,500.0,500,375.88,0.11879805134519765,1,79703.0,32563.13337577855,32563.13337577855,500.0,1.0
426,500.0,500,379.9,0.11820406108847166,1,80203.0,32715.342618307655,32715.342618307655,500.0,1.0
427,500.0,500,379.9,0.1176130407830293,1,80703.0,32865.770491803276,32865.770491803276,500.0,1.0
428,500.0,500,379.9,0.11702497557911415,1,81203.0,33014.4369541008,33014.4369541008,500.0,1.0
429,500.0,500,379.9,0.11643985070121858,1,81703.0,33161.36170744563,33161.36170744563,500.0,1.0
430,500.0,500,379.9,0.11585765144771248,1,82203.0,33306.5642022715,33306.5642022715,500.0,1.0
431,14.0,14,370.18,0.11527836319047392,0,82217.0,33301.94641501715,33301.94641501715,500.0,1.0
432,500.0,500,370.18,0.11470197137452155,1,82717.0,33445.71231460048,33445.71231460048,500.0,1.0
433,129.0,129,362.76,0.11412846151764894,0,82846.0,33377.46368053592,33377.46368053592,500.0,1.0
434,107.0,107,354.9,0.1135578192100607,0,82953.0,33316.90548217206,33316.90548217206,500.0,1.0
435,400.0,400,352.9,0.11299003011401039,0,83353.0,33340.36985599154,33340.36985599154,500.0,1.0
436,55.0,55,344.2,0.11242507996344034,0,83408.0,33306.61017591112,33306.61017591112,500.0,1.0
437,12.0,12,334.44,0.11186295456362313,0,83420.0,33303.793924668396,33303.793924668396,500.0,1.0
438,500.0,500,334.44,0.11130363979080501,1,83920.0,33445.4047455224,33445.4047455224,500.0,1.0
439,246.0,246,329.36,0.11074712159185099,0,84166.0,33375.94554822775,33375.94554822775,500.0,1.0
440,370.0,370,326.76,0.11019338598389174,0,84536.0,33372.161074380165,33372.161074380165,500.0,1.0
441,497.0,497,326.7,0.10964241905397228,0,85033.0,33506.77434813684,33506.77434813684,500.0,1.0
442,154.0,154,319.78,0.10909420695870241,0,85187.0,33434.36869126349,33434.36869126349,500.0,1.0
443,500.0,500,319.78,0.1085487359239089,1,85687.0,33571.53999256047,33571.53999256047,500.0,1.0
444,181.0,181,313.4,0.10800599224428936,0,85868.0,33496.275302329355,33496.275302329355,500.0,1.0
445,500.0,500,322.46,0.10746596228306791,1,86368.0,33631.776977654335,33631.776977654335,500.0,1.0
446,500.0,500,325.74,0.10692863247165257,1,86868.0,33765.72796557341,33765.72796557341,500.0,1.0
447,500.0,500,328.72,0.1063939893092943,1,87368.0,33898.14498846399,33898.14498846399,500.0,1.0
448,202.0,202,326.16,0.10586201936274783,0,87570.0,33822.574916294645,33822.574916294645,500.0,1.0
449,500.0,500,334.16,0.10533270926593409,1,88070.0,33953.33251323157,33953.33251323157,500.0,1.0
450,135.0,135,336.28,0.10480604571960442,0,88205.0,33886.170987654325,33886.170987654325,500.0,1.0
451,500.0,500,336.28,0.1042820154910064,1,88705.0,34015.47957974642,34015.47957974642,500.0,1.0
452,500.0,500,336.28,0.10376060541355137,1,89205.0,34143.31339082936,34143.31339082936,500.0,1.0
453,136.0,136,335.6,0.1032418023864836,0,89341.0,34076.233829900244,34076.233829900244,500.0,1.0
454,382.0,382,338.54,0.10272559337455119,0,89723.0,34076.216057947946,34076.216057947946,500.0,1.0
455,83.0,83,336.74,0.10221196540767843,0,89806.0,34030.13787706799,34030.13787706799,500.0,1.0
456,10.0,10,330.14,0.10170090558064004,0,89816.0,34032.3364881502,34032.3364881502,500.0,1.0
457,26.0,26,328.28,0.10119240105273684,0,89842.0,34021.685954924375,34021.685954924375,500.0,1.0
458,500.0,500,328.28,0.10068643904747315,1,90342.0,34147.96205259243,34147.96205259243,500.0,1.0
459,500.0,500,328.28,0.10018300685223579,1,90842.0,34272.81593499176,34272.81593499176,500.0,1.0
460,500.0,500,332.52,0.0996820918179746,1,91342.0,34396.26255198487,34396.26255198487,500.0,1.0
461,500.0,500,338.46,0.09918368135888474,1,91842.0,34518.316674587455,34518.316674587455,500.0,1.0
462,500.0,500,344.0,0.09868776295209031,1,92342.0,34638.99289743446,34638.99289743446,500.0,1.0
463,500.0,500,349.58,0.09819432413732986,1,92842.0,34758.30564120745,34758.30564120745,500.0,1.0
464,15.0,15,339.88,0.09770335251664321,0,92857.0,34757.413788458674,34757.413788458674,500.0,1.0
465,500.0,500,339.88,0.09721483575406,1,93357.0,34875.64067984738,34875.64067984738,500.0,1.0
466,500.0,500,340.18,0.09672876157528969,1,93857.0,34992.53372230103,34992.53372230103,500.0,1.0
467,500.0,500,348.64,0.09624511776741324,1,94357.0,35108.10678209354,35108.10678209354,500.0,1.0
468,500.0,500,348.64,0.09576389217857617,1,94857.0,35222.37356180144,35222.37356180144,500.0,1.0
469,500.0,500,348.64,0.09528507271768329,1,95357.0,35335.34760252953,35335.34760252953,500.0,1.0
470,500.0,500,358.2,0.09480864735409487,1,95857.0,35447.04228610231,35447.04228610231,500.0,1.0
471,500.0,500,363.36,0.0943346041173244,1,96357.0,35557.47083722126,35557.47083722126,500.0,1.0
472,500.0,500,363.36,0.09386293109673778,1,96857.0,35666.6463255889,35666.6463255889,500.0,1.0
473,500.0,500,373.08,0.09339361644125409,1,97357.0,35774.581668000115,35774.581668000115,500.0,1.0
474,500.0,500,373.08,0.09292664835904782,1,97857.0,35881.28963040111,35881.28963040111,500.0,1.0
475,500.0,500,373.08,0.09246201511725258,1,98357.0,35986.7828299169,35986.7828299169,500.0,1.0
476,500.0,500,373.08,0.09199970504166631,1,98857.0,36091.07373684767,36091.07373684767,500.0,1.0
477,500.0,500,373.08,0.09153970651645797,1,99357.0,36194.17467663462,36194.17467663462,500.0,1.0
478,500.0,500,373.08,0.09108200798387568,1,99857.0,36296.09783179566,36296.09783179566,500.0,1.0
479,500.0,500,373.08,0.0906265979439563,1,100357.0,36396.855243831735,36396.855243831735,500.0,1.0
480,500.0,500,373.08,0.09017346495423652,1,100857.0,36496.458815104175,36496.458815104175,500.0,1.0
481,500.0,500,382.8,0.08972259762946533,1,101357.0,36594.92031068331,36594.92031068331,500.0,1.0
482,500.0,500,382.8,0.089273984641318,1,101857.0,36692.251360169415,36692.251360169415,500.0,1.0
483,500.0,500,390.22,0.0888276147181114,1,102357.0,36788.46345948588,36788.46345948588,500.0,1.0
484,192.0,192,391.92,0.08838347664452084,0,102549.0,36713.27233027116,36713.27233027116,500.0,1.0
485,500.0,500,393.92,0.08794155926129824,1,103049.0,36808.38530768413,36808.38530768413,500.0,1.0
486,500.0,500,402.82,0.08750185146499175,1,103549.0,36902.40539636572,36902.40539636572,500.0,1.0
487,500.0,500,412.58,0.08706434220766679,1,104049.0,36995.343641032334,36995.343641032334,500.0,1.0
488,500.0,500,412.58,0.08662902049662846,1,104549.0,37087.21096059527,37087.21096059527,500.0,1.0
489,500.0,500,417.66,0.08619587539414532,1,105049.0,37178.01814980701,37178.01814980701,500.0,1.0
490,500.0,500,420.26,0.08576489601717459,1,105549.0,37267.77588088297,37267.77588088297,500.0,1.0
491,500.0,500,420.32,0.08533607153708872,1,106049.0,37356.49470509912,37356.49470509912,500.0,1.0
492,500.0,500,427.24,0.08490939117940327,1,106549.0,37444.185054365786,37444.185054365786,500.0,1.0
493,280.0,280,422.84,0.08448484422350626,0,106829.0,37376.3795860094,37376.3795860094,500.0,1.0
494,500.0,500,429.22,0.08406242000238873,1,107329.0,37462.866925371665,37462.866925371665,500.0,1.0
495,500.0,500,429.22,0.08364210790237678,1,107829.0,37548.351000918265,37548.351000918265,500.0,1.0
496,500.0,500,429.22,0.0832238973628649,1,108329.0,37632.841827360826,37632.841827360826,500.0,1.0
497,500.0,500,429.22,0.08280777787605056,1,108829.0,37716.349307110264,37716.349307110264,500.0,1.0
498,252.0,252,430.22,0.08239373898667031,0,109081.0,37642.7997491976,37642.7997491976,500.0,1.0
499,462.0,462,429.46,0.08198177029173696,0,109543.0,37685.42372118988,37685.42372118988,500.0,1.0
500,289.0,289,432.54,0.08157186144027828,0,109832.0,37619.687104000004,37619.687104000004,500.0,1.0
501,13.0,13,422.8,0.0811640021330769,0,109845.0,37629.677268218045,37629.677268218045,500.0,1.0
502,500.0,500,422.8,0.08075818212241151,1,110345.0,37711.416378311456,37711.416378311456,500.0,1.0
503,387.0,387,427.82,0.08035439121179945,0,110732.0,37691.90396389061,37691.90396389061,500.0,1.0
504,202.0,202,424.22,0.07995261925574046,0,110934.0,37617.7702664399,37617.7702664399,500.0,1.0
505,194.0,194,426.44,0.07955285615946175,0,111128.0,37544.62662876188,37544.62662876188,500.0,1.0
506,189.0,189,430.02,0.07915509187866444,0,111317.0,37472.33000437438,37472.33000437438,500.0,1.0
507,500.0,500,439.5,0.07875931641927113,1,111817.0,37552.756727316584,37552.756727316584,500.0,1.0
508,500.0,500,439.5,0.07836551983717477,1,112317.0,37632.26038114575,37632.26038114575,500.0,1.0
509,500.0,500,439.5,0.07797369223798889,1,112817.0,37710.849973560405,37710.849973560405,500.0,1.0
510,500.0,500,439.5,0.07758382377679894,1,113317.0,37788.53441368705,37788.53441368705,500.0,1.0
511,141.0,141,432.32,0.07719590465791494,0,113458.0,37727.45890219477,37727.45890219477,500.0,1.0
512,500.0,500,432.32,0.07680992513462537,1,113958.0,37804.38902282715,37804.38902282715,500.0,1.0
513,39.0,39,423.1,0.07642587550895225,0,113997.0,37796.259225060705,37796.259225060705,500.0,1.0
514,500.0,500,432.8,0.07604374613140748,1,114497.0,37872.55758981968,37872.55758981968,500.0,1.0
515,15.0,15,423.1,0.07566352740075044,0,114512.0,37882.66734282213,37882.66734282213,500.0,1.0
516,71.0,71,414.52,0.07528520976374668,0,114583.0,37853.560344180034,37853.560344180034,500.0,1.0
517,500.0,500,414.52,0.07490878371492794,1,115083.0,37929.47450138241,37929.47450138241,500.0,1.0
518,500.0,500,414.52,0.0745342397963533,1,115583.0,38004.5208665643,38004.5208665643,500.0,1.0
519,242.0,242,409.36,0.07416156859737154,0,115825.0,37931.978957607076,37931.978957607076,500.0,1.0
520,179.0,179,402.94,0.07379076075438468,0,116004.0,37862.7774556213,37862.7774556213,500.0,1.0
521,128.0,128,395.5,0.07342180695061275,0,116132.0,37807.424198997214,37807.424198997214,500.0,1.0
522,105.0,105,387.6,0.07305469791585968,0,116237.0,37761.57525946477,37761.57525946477,500.0,1.0
523,129.0,129,380.18,0.07268942442628039,0,116366.0,37706.119972653716,37706.119972653716,500.0,1.0
524,121.0,121,372.6,0.07232597730414898,0,116487.0,37653.78388132976,37653.78388132976,500.0,1.0
525,163.0,163,365.86,0.07196434741762824,0,116650.0,37588.74848072561,37588.74848072561,500.0,1.0
526,156.0,156,358.98,0.0716045256805401,0,116806.0,37525.60038456535,37525.60038456535,500.0,1.0
527,500.0,500,358.98,0.0712465030521374,1,117306.0,37600.69693838238,37600.69693838238,500.0,1.0
528,457.0,457,358.12,0.0708902705368767,0,117763.0,37633.35287175734,37633.35287175734,500.0,1.0
529,160.0,160,351.32,0.07053581918419231,0,117923.0,37569.7095279105,37569.7095279105,500.0,1.0
530,146.0,146,344.24,0.07018314008827135,0,118069.0,37509.96485938056,37509.96485938056,500.0,1.0
531,500.0,500,344.24,0.06983222438783,1,118569.0,37583.78939640589,37583.78939640589,500.0,1.0
532,444.0,444,343.12,0.06948306326589085,0,119013.0,37604.533534258575,37604.533534258575,500.0,1.0
533,101.0,101,335.14,0.0691356479495614,0,119114.0,37562.17823991776,37562.17823991776,500.0,1.0
534,31.0,31,331.92,0.06878996970981359,0,119145.0,37561.08533223919,37561.08533223919,500.0,1.0
535,102.0,102,323.96,0.06844601986126451,0,119247.0,37518.24619093371,37518.24619093371,500.0,1.0
536,146.0,146,316.88,0.06810378976195819,0,119393.0,37459.25932487748,37459.25932487748,500.0,1.0
537,115.0,115,309.18,0.0677632708131484,0,119508.0,37411.08200950865,37411.08200950865,500.0,1.0
538,215.0,215,303.48,0.06742445445908266,0,119723.0,37341.65036760134,37341.65036760134,500.0,1.0
539,257.0,257,298.62,0.06708733218678724,0,119980.0,37274.570753921405,37274.570753921405,500.0,1.0
540,347.0,347,295.56,0.0667518955258533,0,120327.0,37234.149969135804,37234.149969135804,500.0,1.0
541,285.0,285,291.26,0.06641813604822402,0,120612.0,37172.45697534175,37172.45697534175,500.0,1.0
542,335.0,335,287.96,0.0660860453679829,0,120947.0,37126.99796094825,37126.99796094825,500.0,1.0
543,301.0,301,288.38,0.06575561514114299,0,121248.0,37069.76508653582,37069.76508653582,500.0,1.0
544,80.0,80,279.98,0.06542683706543727,0,121328.0,37039.29692906575,37039.29692906575,500.0,1.0
545,139.0,139,272.76,0.06509970288011008,0,121467.0,36984.26700109418,36984.26700109418,500.0,1.0
546,162.0,162,266.0,0.06477420436570952,0,121629.0,36923.30498530773,36923.30498530773,500.0,1.0
547,62.0,62,257.24,0.06445033334388098,0,121691.0,36902.96572629835,36902.96572629835,500.0,1.0
548,137.0,137,254.94,0.06412808167716157,0,121828.0,36848.930683573984,36848.930683573984,500.0,1.0
549,500.0,500,255.7,0.06380744126877576,1,122328.0,36922.00937621309,36922.00937621309,500.0,1.0
550,500.0,500,259.92,0.06348840406243188,1,122828.0,36994.313441322316,36994.313441322316,500.0,1.0
551,190.0,190,263.46,0.06317096204211972,0,123018.0,36929.18483140701,36929.18483140701,500.0,1.0
552,500.0,500,263.46,0.06285510723190912,1,123518.0,37000.77062329342,37000.77062329342,500.0,1.0
553,262.0,262,260.96,0.06254083169574957,0,123780.0,36936.500351526614,36936.500351526614,500.0,1.0
554,500.0,500,266.92,0.062228127537270826,1,124280.0,37007.247090409095,37007.247090409095,500.0,1.0
555,500.0,500,273.04,0.06191698689958447,1,124780.0,37077.24457430403,37077.24457430403,500.0,1.0
556,500.0,500,279.26,0.061607401965086545,1,125280.0,37146.49950830702,37146.49950830702,500.0,1.0
557,500.0,500,279.26,0.06129936495526111,1,125780.0,37215.01853027729,37215.01853027729,500.0,1.0
558,500.0,500,279.26,0.0609928681304848,1,126280.0,37282.808211610856,37282.808211610856,500.0,1.0
559,500.0,500,279.26,0.060687903789832374,1,126780.0,37349.87505800353,37349.87505800353,500.0,1.0
560,460.0,460,278.46,0.06038446427088321,0,127240.0,37380.118367346935,37380.118367346935,500.0,1.0
561,500.0,500,285.64,0.06008254194952879,1,127740.0,37445.89249525771,37445.89249525771,500.0,1.0
562,500.0,500,285.64,0.05978212923978115,1,128240.0,37510.9621965274,37510.9621965274,500.0,1.0
563,500.0,500,294.86,0.05948321859358224,1,128740.0,37575.33372664203,37575.33372664203,500.0,1.0
564,500.0,500,294.86,0.05918580250061433,1,129240.0,37639.013279010105,37639.013279010105,500.0,1.0
565,500.0,500,304.56,0.058889873488111255,1,129740.0,37702.006985668406,37702.006985668406,500.0,1.0
566,500.0,500,313.14,0.058595424120670696,1,130240.0,37764.32091797875,37764.32091797875,500.0,1.0
567,500.0,500,313.14,0.05830244700006734,1,130740.0,37825.96108731558,37825.96108731558,500.0,1.0
568,500.0,500,313.14,0.058010934765067,1,131240.0,37886.93344574489,37886.93344574489,500.0,1.0
569,500.0,500,318.3,0.05772088009124167,1,131740.0,37947.243886694196,37947.243886694196,500.0,1.0
570,203.0,203,318.78,0.05743227569078546,0,131943.0,37882.09517082179,37882.09517082179,500.0,1.0
571,429.0,429,324.8,0.05714511431233153,0,132372.0,37883.95882112987,37883.95882112987,500.0,1.0
572,13.0,13,322.96,0.05685938874076987,0,132385.0,37901.29562264659,37901.29562264659,500.0,1.0
573,500.0,500,330.38,0.056575091797066025,1,132885.0,37960.80010599125,37960.80010599125,500.0,1.0
574,48.0,48,328.92,0.056292216338080694,0,132933.0,37953.489179788514,37953.489179788514,500.0,1.0
575,468.0,468,335.02,0.05601075525639029,0,133401.0,37984.51304045368,37984.51304045368,500.0,1.0
576,500.0,500,341.9,0.05573070148010834,1,133901.0,38043.04405080536,38043.04405080536,500.0,1.0
577,500.0,500,341.9,0.0554520479727078,1,134401.0,38100.94146800069,38100.94146800069,500.0,1.0
578,53.0,53,333.82,0.05517478773284426,0,134454.0,38090.93817123837,38090.93817123837,500.0,1.0
579,14.0,14,330.9,0.05489891379418004,0,134468.0,38107.55466067694,38107.55466067694,500.0,1.0
580,500.0,500,337.98,0.05462441922520914,1,134968.0,38165.2499881094,38165.2499881094,500.0,1.0
581,500.0,500,337.98,0.0543512971290831,1,135468.0,38222.32266168189,38222.32266168189,500.0,1.0
582,500.0,500,339.1,0.05407954064343768,1,135968.0,38278.778073003385,38278.778073003385,500.0,1.0
583,500.0,500,347.08,0.05380914294022049,1,136468.0,38334.621561745145,38334.621561745145,500.0,1.0
584,500.0,500,356.46,0.05354009722551939,1,136968.0,38389.858416213174,38389.858416213174,500.0,1.0
585,500.0,500,364.42,0.05327239673939179,1,137468.0,38444.493873913365,38444.493873913365,500.0,1.0
586,500.0,500,371.5,0.053006034755694834,1,137968.0,38498.53312210975,38498.53312210975,500.0,1.0
587,500.0,500,379.2,0.052741004581916356,1,138468.0,38551.98129837565,38551.98129837565,500.0,1.0
588,500.0,500,384.9,0.052477299559006776,1,138968.0,38604.843491137945,38604.843491137945,500.0,1.0
589,500.0,500,389.76,0.052214913061211746,1,139468.0,38657.12474021463,38657.12474021463,500.0,1.0
590,295.0,295,388.72,0.05195383849590569,0,139763.0,38597.33795173801,38597.33795173801,500.0,1.0
591,14.0,14,383.3,0.05169406930342616,0,139777.0,38615.9453448656,38615.9453448656,500.0,1.0
592,500.0,500,386.6,0.05143559895690903,1,140277.0,38667.79352800859,38667.79352800859,500.0,1.0
593,500.0,500,390.58,0.051178420962124486,1,140777.0,38719.072643459804,38719.072643459804,500.0,1.0
594,288.0,288,394.74,0.05092252885731386,0,141065.0,38658.19247752497,38658.19247752497,500.0,1.0
595,500.0,500,401.96,0.05066791621302729,1,141565.0,38708.84974224984,38708.84974224984,500.0,1.0
596,232.0,232,403.36,0.05041457663196215,0,141797.0,38643.96079850007,38643.96079850007,500.0,1.0
597,129.0,129,404.7,0.050162503748802344,0,141926.0,38599.067200884376,38599.067200884376,500.0,1.0
598,500.0,500,411.96,0.049911691230058335,1,142426.0,38649.35217726871,38649.35217726871,500.0,1.0
599,500.0,500,411.96,0.04966213277390804,1,142926.0,38699.086485266205,38699.086485266205,500.0,1.0
600,156.0,156,405.08,0.0494138221100385,0,143082.0,38645.94243333333,38645.94243333333,500.0,1.0
