episode,mean_loss,mean_td_error,mean_q_value,mean_entropy,mean_grad_norm,mean_param_change
1,nan,nan,nan,nan,nan,nan
2,1.248037338256836,1.1074223518371582,-0.03522323817014694,0.684721052646637,2.9401298837786527,0.10287601739266639
3,0.667965163787206,0.7749076724052429,0.3486065403868755,0.688312300046285,2.3183008890437202,0.08206358898963777
4,0.5698012175659338,0.6892997746666273,1.1510442793369293,0.6916110515594482,3.1393515772037053,0.07128447727592489
5,0.3750337632028041,0.34439265231291455,2.5563735454170793,0.6893563877653193,1.8027915521238809,0.04597329562780618
6,0.5097357840277255,0.44963905215263367,3.531947902270726,0.6896327946867261,3.846834288601103,0.05260320717881938
7,0.663345123330752,0.5889039610822996,3.9787731568018594,0.6907456119855245,5.449277595522198,0.050977962986923996
8,0.9142449342686197,0.5200211898140286,5.450356379799221,0.6802757822948954,4.7100832756523205,0.05861132214891495
9,0.903844477165313,0.550971799663135,6.122659433455694,0.681027542977106,5.123016646359445,0.048139615184059965
10,0.8999605666974495,0.5265291764818388,6.780136716776881,0.6640619512262016,5.346007560918515,0.04208847951774775
11,1.18755837281545,0.5987997386190627,7.692668226030138,0.6565487053659227,7.176318020340678,0.049715499471567934
12,1.349564919869105,0.7194284359614055,8.078754202524822,0.6507086475690206,8.147271550325593,0.04269820116236956
13,1.7670712883655841,0.752167855317776,9.299978843102089,0.6436824752734258,10.8517941109549,0.040268169739293994
14,2.0178776690736413,0.7422361178323627,10.548795998096466,0.6032104659825563,8.821613340606643,0.04060335437419797
15,2.0919851288199425,0.7219554670155048,11.390735030174255,0.5866654242078463,8.64357677367349,0.037643520802962974
16,3.0657845064997673,0.8785531483590603,12.116853654384613,0.5473408587276936,10.394336858826168,0.04268802390813998
17,3.0862532069043414,0.905668738411694,12.88163722433695,0.563154210404652,11.745070695557486,0.04049492565530803
18,2.661511159860171,0.7873818759734814,13.387126482450045,0.5783513463460482,10.955857010607126,0.031182357928968
19,2.7512865807070876,0.7886694832281633,14.181790785356002,0.5378398633364475,9.309212241312796,0.03274366769913146
20,3.0516458908716837,0.8611645638942719,14.989388783772787,0.5258632202943166,10.944464882231227,0.0375026472104237
21,2.7492321383953096,0.8314156746864318,15.746171989440917,0.5031089520454407,12.11103324146721,0.03426433315769028
22,3.4472956860065462,0.8884519982337952,16.9596720123291,0.4989005970954895,13.577768309702437,0.03655604594267392
23,5.1407619668887214,1.0006135518734272,18.298889013437126,0.5211571019429427,16.14933482923401,0.041192700888906746
24,4.532709159232952,1.0012421464478527,18.4343149750321,0.5260966707158972,12.718497373410449,0.033666689615532465
25,4.459396806028154,1.0367972950140636,19.000098122490776,0.5092191994190216,13.175902003555443,0.03396319331108207
26,4.910176617758615,1.106361140523638,19.31203727722168,0.48052651626723153,14.061949792305077,0.035720314411253146
27,4.31053149037891,1.0227779061705977,20.64673466152615,0.47271296161192433,15.408895059218807,0.03875711587872583
28,5.799320659854195,1.1486851302060215,21.07533246820623,0.47042068297212775,19.00886163704479,0.03691792707011398
29,5.3206731627384825,1.178718201816082,21.80151931444804,0.447056836138169,19.246271264275958,0.04253516013023468
30,5.7712101532241045,1.166003979868808,23.078297469575528,0.417675434027688,15.75791219270217,0.03646458012907777
31,6.537799431997187,1.248335417579202,23.55889948676614,0.4262864414383383,17.98519168686405,0.038709604807152465
32,5.143111517554836,1.2404949696440446,24.08365129169665,0.42061746904724523,18.22582948758444,0.03648310271249737
33,4.991845787957657,1.2089926489563876,24.66348022638365,0.3584405135276706,17.131992730791577,0.037128749522411186
34,4.151342736350165,1.1913445161448584,24.96215777926975,0.32272690700160134,20.419933461664133,0.03919223504204608
35,5.340326766173045,1.2785960932572682,25.58004903793335,0.32065533598264057,23.347544849822082,0.044746018527248695
36,4.496319449864901,1.188672301860956,25.564925340505745,0.3215314264480884,16.35134688089125,0.030398251219443475
37,3.275704946782854,1.0953414175245497,26.321603563096787,0.3036714262432522,19.144155322110414,0.03138996325393568
38,3.879637328783671,1.16388281583786,26.284395472208658,0.2559862305720647,22.748585008035963,0.035163679773330556
39,5.215470370792207,1.2571192752747309,27.987552824474516,0.26545076639879317,27.319736811595483,0.03718175045459726
40,6.209396046750686,1.3645516318433426,29.276521794936237,0.28254368725944967,23.930612678725034,0.03353985850390191
41,4.239712068667779,1.1590116574214056,29.485578536987305,0.2613084207360561,23.526713093904487,0.033005377710598374
42,4.405135322700847,1.1033982544234304,30.090268655256793,0.2625276164123506,18.16563576310105,0.024519851836816698
43,4.976040767085168,1.1041236827450414,31.49174610260994,0.2553661883838715,22.842100624206463,0.0302911694487712
44,4.742802432523324,1.110841657106693,32.537988717739395,0.2699422607055077,24.504880257291685,0.026226173332393545
45,5.03659650573024,1.134699775113,33.772406613385236,0.2659819694580855,29.067714024252055,0.03372934959978383
46,5.639858537250095,1.196741647190518,33.39647727542453,0.2385837725467152,24.809027273805945,0.03369079968077441
47,5.2363560909316655,1.1486053665479024,35.30586678641183,0.24503791083892187,27.765915608838483,0.025482037016831514
48,4.833959192037582,1.1573573521205358,36.18488039289202,0.22069494532687323,30.821028612318116,0.027488458116666177
49,7.474448751000797,1.4563074111938477,36.21513209623449,0.2137272182632895,39.38577034191761,0.03898662224579531
50,5.461299369209691,1.3911546155026084,37.84584587498715,0.22569882399157473,47.11989700514134,0.039816753832778155
51,7.7573337398077316,1.2720723661937212,40.111712857296595,0.22414642415548625,28.32241883123455,0.023062410849843368
52,8.092065126665178,1.3411819242662,40.88195037841797,0.22194226422617513,42.89511317840899,0.03582004159741244
53,10.870468027451459,1.5613415732103235,41.71221699434168,0.21061730823096106,38.84296919570314,0.03625992299868944
54,12.653972975413005,1.5968508124351501,43.04538921780056,0.19646685587035284,38.2578410481273,0.03348266477725606
55,13.182543067371144,1.6690902990453385,44.81198591344497,0.1741152765119777,49.36268933287709,0.03520196119970359
56,11.489168172658877,1.6421822309494019,45.474562977635586,0.1686071207703546,48.139063171585605,0.03763046450235995
57,9.423307199409043,1.5435515132503232,46.7380820011747,0.18097886227179263,44.97908619180908,0.03436600645758358
58,11.528006674813442,1.6844232668642138,48.01310986378154,0.17529227841095846,55.81897942095409,0.034777819480759184
59,12.085838794708252,1.7838189162706073,47.67015296534488,0.16551991865823143,55.41886124498109,0.037283790829068054
60,12.481528847904528,1.7403023626844762,50.90168632895259,0.17235488154120365,54.521091628614926,0.03520040322758597
61,8.295252169095553,1.6398127977664654,51.574130072960486,0.1674079423913589,49.5974138247357,0.031515984393920435
62,11.814804438886972,1.8363893566460445,53.275480073073815,0.1699469929625248,56.204273131360495,0.027477128002147754
63,12.516584434007344,1.9709382370898598,54.8453359101948,0.16814419078199486,70.2469019488929,0.03331359248106418
64,14.572481647685722,1.968668904569414,56.515464040968155,0.17870502615416492,55.72187616461917,0.027284878818993528
65,12.248904534748622,1.8627596433673586,57.79345028741019,0.18278173450380564,59.10723170948114,0.025148488952191714
66,12.349574438730876,2.0640937725702924,58.46101608276367,0.17707086503505706,94.79208543163654,0.036816422112494605
67,17.1519033908844,2.1083474821514554,60.31633758544922,0.18100042889515558,84.46332958007154,0.03267331991068506
68,17.166202063560487,2.1097772479057313,61.191247100830076,0.16812021762132645,70.81620334543601,0.028958246649987526
69,13.01156389415264,1.9782350838184357,64.48843536376953,0.18333513718098401,70.31131831309263,0.026535776446066296
70,18.008061930781505,2.2125843773122695,65.56949687394939,0.18425793958003403,85.54898992374504,0.027741578192195176
71,15.91434450836869,2.154592676205678,67.58795588725322,0.18150691506830421,81.39779047069801,0.030066211188391794
72,16.84532199156912,2.2414083355351497,67.89082942761873,0.17250745218051108,83.18057716573442,0.0364659446508288
73,17.408380284028894,2.4184988456613876,70.26382625804229,0.17909285075524273,88.4580468399162,0.032750197972710934
74,16.008945928679573,2.3861953814824424,70.5494327545166,0.1797429604662789,111.87879700411875,0.03507472185692973
75,27.76170470497825,2.6818959929726343,71.9656157060103,0.1790407435460524,123.38432507820136,0.037784420805583335
76,21.43326638355728,2.506369152344948,72.86452143645484,0.1828705462172997,111.1713509844831,0.03254097285438103
77,18.296179717001706,2.340874116057935,73.83399897036345,0.1940644193926583,83.70376911378762,0.025695916378662163
78,16.979321552196723,2.2119365056771882,75.44571522018673,0.19251697584596603,89.02095960681046,0.025794123712388563
79,18.131238277141865,2.2975217745854306,76.34964928260216,0.1995491053049381,101.89548393467415,0.03243390356818207
80,18.73276806611281,2.37632217498926,76.38689334575946,0.18542730785333195,102.37274445428758,0.02640744187876049
81,22.9706046606365,2.512659161969235,77.74761729993318,0.18648914969281147,110.33796349373965,0.026164621103493647
82,16.64299099644025,2.293717664976915,79.78957843780518,0.18403783300891519,99.86573377141862,0.026155801329535124
83,16.866595848186595,2.3947463228895858,81.69794897131018,0.18163239714261648,99.76930719867079,0.023486432269555463
84,24.219355401538667,2.5266409587292444,84.07445771353585,0.18014674571653208,129.2004460568975,0.026978741372912077
85,20.88708131871325,2.4311706132077155,84.99513829008062,0.1701808139047724,116.04902942339439,0.025226175364666852
86,23.763067230582237,2.4963715963065622,86.40414257049561,0.18757463824003934,117.79170990962207,0.024345028024272953
87,23.225349052135762,2.485203110254728,86.84214107806866,0.1917639384476038,113.38869865972674,0.02190625468077708
88,27.202443564379656,2.4422639431776823,88.00063437002676,0.20056483811802334,137.37413542851854,0.02305089351824192
89,24.26788581243836,2.4706345053002385,88.4991229973217,0.19160197571952745,125.37439757798053,0.02471746796424723
90,20.219538907210033,2.3513392359018326,90.06763331095378,0.18612813825408617,117.25802099632976,0.021905843226236756
91,25.028001775836,2.450083642902941,91.95255347525719,0.18553069108488537,123.49423374905268,0.021748617283004486
92,22.576387119293212,2.4833324273427326,92.51397298177083,0.19041989147663116,126.4219217222321,0.022019222818067438
93,25.980025982856752,2.56795474588871,92.50676078796387,0.17016441356390716,145.10323692285291,0.024708435823033385
94,27.327178591773624,2.4968045893169584,94.74074082147507,0.17525979628165564,136.63882896884277,0.02289143381861574
95,26.547644803553453,2.5533197544239186,93.9014099497854,0.16092840113021709,126.37367624667272,0.01867834577337021
96,24.926815795898438,2.5699732065200807,94.50574188232422,0.15813320502638817,120.32657865174245,0.0193759375867462
97,24.894602133303273,2.547976394088901,94.70843389082928,0.17042922745553815,137.22244558534493,0.022663603250572976
98,25.00506040399725,2.5340653852982955,96.45729453346947,0.19196051636880093,138.1001558530653,0.019928553384962456
99,21.432261100629482,2.3778639493919,97.61725900231338,0.20781975357634266,129.32306029179276,0.019298342900701735
100,23.748881987163,2.487962450299944,98.25530079432896,0.20638576256377356,132.64958253818165,0.020401981291371305
101,19.060619162989187,2.3115006056460707,100.11499274956002,0.21191846079878754,135.6436525834897,0.021522286213830046
102,19.441991340030324,2.311327002265237,99.67585893110795,0.20494995537129315,131.6471447305569,0.01831738323855199
103,26.317088752116973,2.398101185131999,102.0570525382329,0.22050729220353285,160.27921599693,0.024321024048353155
104,19.03539294666714,2.220289488633474,102.28747516208225,0.22582460029257667,146.02536965326556,0.019661170057727814
105,28.947504563765094,2.4140152389352973,103.5957953713157,0.2351867692037062,151.62185705288644,0.021762828868019297
106,17.377354925805395,2.1392583205149722,103.94048435085422,0.2305167345227776,125.77738229481832,0.01752535739500523
107,25.04944543118747,2.469034581814172,104.148845600632,0.2281527724468483,160.5342386665242,0.02416249538679384
108,19.261960596651644,2.2320759393073417,105.97496520721161,0.22863116618749257,139.43582267467437,0.020295957445857226
109,24.572941064834595,2.377541720867157,107.90468279520671,0.22965047508478165,177.14185702931067,0.022802141917247953
110,18.073905651385967,2.2546320740993204,107.64972334641676,0.22545805458839124,165.82867536103197,0.021205193724990308
111,26.343524482812775,2.3999667274817993,107.33456566628445,0.23563826954766606,156.11157303330154,0.019902702830976136
112,30.70652549211369,2.389914776003638,108.2565346651299,0.24869876580182895,191.02655669169388,0.02648899619018708
113,21.852682748862676,2.274133677142007,109.13552970886231,0.23337823823094367,165.02129946601076,0.023358732496357244
114,25.928748233898265,2.3831535094493144,109.35427918305268,0.21911940945161357,154.89703136094698,0.030029862231695147
115,21.969496296673285,2.3999222226259187,108.57709819514577,0.22759044606511186,163.91758876909984,0.024312377291092004
116,27.010953472506614,2.449329956885307,108.80691897484564,0.23119461728680518,164.42565380092717,0.023960776573104255
117,36.60723114013672,2.555110372029818,110.30615997314453,0.23052144623719728,181.35181161628645,0.0250305495139077
118,22.748954344879497,2.2459152774377302,111.60592790083452,0.23597963560711255,154.58117192132002,0.01972427999914408
119,24.743789020038786,2.383156394201612,110.1406738039047,0.23481405963973392,169.65717148377735,0.023210377839168076
120,26.617307030636333,2.506242404813352,110.18069607278575,0.22480444934057153,185.7169734160801,0.022071338516660145
121,27.443367199159006,2.4027643959287186,109.47716468488666,0.20312593279170318,176.9118976878923,0.02151740927441619
122,25.377952085782404,2.424260224381538,110.95729639758802,0.20904897908641867,177.8942042879763,0.02034582592750943
123,20.65474929691346,2.2383862980141127,112.46388074386218,0.22372569611742477,149.61956917945244,0.01986740400254524
124,28.650580172240733,2.370213872939348,113.7158570766449,0.24827113328501582,187.62668605068944,0.021543169878245658
125,28.68852541764577,2.3725832811991374,113.04651880900064,0.2670111613472303,197.06375727831258,0.020537633382413104
126,24.836618432064647,2.2347979035574137,113.95195424188044,0.2811470399658704,183.5162928916968,0.019304736165584323
127,24.918781510791423,2.161937006512044,114.10114961233198,0.2839419689515363,179.94079090505096,0.019692999660584146
128,28.97526809426605,2.2811825529473726,114.61852527055584,0.2873288827027128,203.23421847771192,0.02252154637365696
129,15.891165559942072,1.9785977818749168,115.25684634121981,0.2841926271265203,150.70510326355944,0.01617782877719046
130,30.325397984456206,2.212300248065237,115.8109628709696,0.289127151087179,200.4152624018293,0.019793917556824983
131,30.069235854520056,2.3183952291568595,115.40639276561623,0.26691489546241876,210.89573765143868,0.022763513487816616
132,23.648192828042166,2.0380727098101663,115.978100222633,0.2535536740507398,176.37982051991608,0.018240845378376634
133,31.936185415198164,2.2610589171328197,117.40091119161467,0.2506350682276051,222.44059089421893,0.02239298295839117
134,22.867770830790203,2.128004805246989,116.21550598144532,0.2683414399623871,194.78203995400608,0.018090137225077883
135,27.512921392917633,2.1670946180820465,118.18122588263617,0.25175970958338845,194.34645223861776,0.022538959435938994
136,21.214978600860736,2.0681571894829425,118.45170264287826,0.23490282264324502,177.59285337423273,0.02013810549694175
137,18.05968451499939,2.1113327503204347,116.17020568847656,0.2537313178181648,153.19167875325078,0.017216511701966582
138,33.899909265579716,2.4551522154961862,119.72766125586725,0.2693579528600939,222.64815549047754,0.023639387896379007
139,24.684406757354736,2.1965361563097527,119.39432224305737,0.24574096763835235,191.72562547300475,0.02001365260007644
140,27.95983166572375,2.183997554656787,120.31241059914613,0.26095973681180906,218.64341666603156,0.020639761523251008
141,21.822251254862007,2.0351643074642527,121.66999574141069,0.2648002268238501,194.9652363617468,0.01826777848908602
142,31.108013125828336,2.3350638673419044,121.5032254173642,0.2718780098926453,227.2900194859128,0.02189207465771289
143,24.72567884127299,2.3315600057442984,120.81699244181316,0.2951563944419225,198.00014312459976,0.01981528716533831
144,32.92498319540451,2.3181728925277936,121.80929235202163,0.29069138874313727,240.9164669895979,0.022294542030732764
145,30.344170396978203,2.1452212550423364,123.73828610506925,0.279974871061065,195.3479737671223,0.017207608544993494
146,36.90629708665049,2.4408018375054383,123.35301534538596,0.2981642447730415,254.23625750006636,0.021780515300308965
147,23.96930995320839,2.096894052615644,124.03573958562139,0.30700399561312425,187.73997780151603,0.018326614006526607
148,37.085830796149466,2.4200064751409713,123.9196431559901,0.30390910179384295,240.96810810129506,0.021493905426898545
149,32.66585865563261,2.3017515879191324,124.54850280213499,0.32133864705077186,234.89273680477302,0.020888224601835117
150,39.24435231089592,2.390657448593308,124.05885393479291,0.32117606414591565,258.7806080296076,0.02279112684024569
151,22.56487021948162,2.113198251473276,121.55669555664062,0.3151284808391019,199.3086348870184,0.018308244129081958
152,31.29865557713942,2.2005732731385663,123.27868915904652,0.29871713668107985,229.00862964167106,0.020391624584223198
153,46.665353652409145,2.5459375245230538,120.39332340785435,0.309071832043784,293.36313726863165,0.023454513228564774
154,24.18123831699804,2.1639886320251778,122.29476606231376,0.3182692202096133,205.11792146907422,0.01859905253291381
155,26.76788919720768,2.069005638360977,121.67675636228451,0.32830285865905856,209.63544907060262,0.01773959194818754
156,41.19467201419905,2.317405892353432,122.98361475327435,0.31305479243689893,253.30204385847694,0.02052185215034207
157,60.1468423306942,2.993690346678098,122.30363512039185,0.32223092423131067,416.5181942505292,0.030647028368903113
158,29.96805063135484,2.1068717276348785,120.82202094582951,0.3043290988487356,212.20771497831373,0.018238475980199752
159,21.66314330467811,2.292449483504662,119.2923806997446,0.27551436309631055,210.4033532518214,0.02148413921968292
160,27.47847424613105,2.2226259469985963,120.41452857123481,0.23947680758105383,202.29764108733272,0.017828789509569815
161,8.911219549179076,1.908648673693339,122.41052042643229,0.18670159180959064,136.19122459494415,0.015350914304568546
162,32.50796673748944,2.177885596816604,121.80910904343064,0.24698101326420502,222.41541263382862,0.018850012892670142
163,34.055090722784534,2.2471066312452335,122.39703760737866,0.23524363873015464,256.52590547804857,0.021036782382676388
164,49.63953803834461,2.7795983269101097,122.70620800199963,0.22375395787613733,308.0419396321601,0.028160922970386013
165,30.035555965760175,2.250466732417836,122.54298041848575,0.1499175867613624,228.04150865544736,0.02102889216294116
166,32.615426348315346,2.2833938311647484,122.98010882624874,0.1904684674270727,234.9927072091421,0.01977764785993319
167,30.683015532218494,2.214739304322463,122.56486195784349,0.15764011793698257,227.46253670495798,0.018665130445668206
168,37.82843219370082,2.516005412391994,123.02016050919242,0.16644274659346844,290.80012254651865,0.02518103010465749
169,59.69230948961698,2.4068313286854672,124.3658189039964,0.19950343840397322,247.32301233220736,0.020338098779141736
170,28.5718725340082,2.1487812777178004,124.24434136906895,0.2712012214944997,224.52391628276536,0.01875697565786351
171,54.83780138309185,2.4326461461874156,123.4860358605018,0.311888745197883,252.19840533388617,0.019003873482810515
172,40.87655474938138,2.3965223767388033,123.67154892397599,0.2844287230515144,281.00896983658976,0.02185101269436729
173,18.073854294690218,2.032549663023515,126.83779560435902,0.2956661446528001,172.04611959455863,0.016345599201164324
174,30.86359862600054,2.2769676991871424,125.33297576904297,0.29823546963078634,255.87943919574266,0.02124646254787129
175,31.87011580292238,2.3492252137682854,125.13018952815905,0.2695499376966319,275.1500595424307,0.022989958384325437
176,28.940370579769738,2.2148669380890698,126.3776701274671,0.2858829625343022,248.00102121830255,0.01859281021026483
177,37.67771429281969,2.215343026014475,126.73838160588191,0.21426517917559698,225.0769174864454,0.018800093376267788
178,35.047303510515874,2.2907708119810297,125.69837300161298,0.2972396206989717,254.96193048758906,0.019647248389405948
179,45.103548829372116,2.470965958558596,127.41636716402493,0.3075263672150098,321.1509031100438,0.02020241519231406
180,29.813969985131294,2.2594258842929715,125.29897025323683,0.3249479762969478,233.89352867032878,0.0184611302371963
181,32.19307842020129,2.2221109349219526,127.16835347159964,0.318935115806392,253.59584508746678,0.018129707125791497
182,28.380779926593487,2.2523470520973206,128.42134974553034,0.31170627073599744,255.06966506040578,0.019646260056761008
183,32.17435141801834,2.3123803830146787,126.80377586364746,0.31203626081347463,250.99116851189123,0.019463353667873103
184,35.340732769532636,2.1925405462582908,128.34811135494348,0.3328441654642423,253.86276981470075,0.018310476280616196
185,29.47809613834728,2.1151348135688086,129.53493118286133,0.3423635146834634,192.00425630546954,0.017406328611300505
186,38.525698296229045,2.4200507561365763,129.05244216918945,0.3202044943968455,276.92236730012536,0.021163589327202744
187,19.85452780193753,1.917258456018236,128.0178688897027,0.350196984079149,187.86901478945097,0.014910530488463903
188,30.597851465230654,2.142443958171073,129.00624217063273,0.33442154080949277,242.88001312104598,0.01822462907700007
189,26.333937394186623,2.0515028003583917,129.6598808407166,0.33687184612059223,226.69474103657734,0.016966700487239018
190,39.579060344696046,2.375855622291565,130.14916982014975,0.31022353013356524,309.37286426866126,0.021865481051939913
191,41.3908973685256,2.2281061776049502,129.24473626763972,0.3038364083648802,275.1408685838336,0.019672623251776922
192,28.950276374816895,2.3889515941793267,128.63878839666194,0.28657834096388385,215.07078781719846,0.02379894852653269
193,37.44628108387262,2.3773841820132566,129.13418313147318,0.30371641184032805,306.0273907833854,0.02140653821207807
194,41.810694722568286,2.4685209042885723,131.6121727438534,0.2779374683604521,285.5898774954735,0.021481594304892635
195,38.793243778695306,2.3964852523460665,131.21712686003542,0.3016944724878819,323.8240206051749,0.021372336502870255
196,31.591911008026425,2.2355420226292892,133.27109146118164,0.29127310823328445,276.7034508957104,0.019218972249489742
197,23.982091760635377,2.0954635190963744,131.46115844726563,0.26638419449329376,211.93653092721345,0.014906472352497037
198,37.01907558166064,2.3723755075381354,134.1017066662128,0.27901387547071166,317.34891386935453,0.020497836015868402
199,22.347604625019027,2.0955981236917003,136.23696663938924,0.30268903481371606,250.08357895558606,0.016444834008065505
200,54.95102105969968,2.8189383175062095,135.26437958427098,0.27033936151343846,402.38301318792503,0.02317121890991688
201,45.12070506466322,2.4962607434958466,135.43318548281331,0.2734025439693908,336.3545586671824,0.019269362646992923
202,37.9760931343944,2.3581720231859773,134.93214204576282,0.26517943761966845,329.96688338801783,0.019506258570874877
203,32.36924615624833,2.1671959406709016,135.58913531368725,0.2954305055206769,291.11296703913894,0.01565793005113784
204,28.48637340102397,2.1726653945278116,135.37261694249972,0.272212501982568,283.0013583829123,0.019948953601524155
205,31.72517240818809,2.2732110149720137,135.5953004276051,0.26331646214513216,329.89747597241103,0.01948668518652662
206,17.70273333787918,2.0899137258529663,135.54816118876138,0.2210445242623488,255.17481160823866,0.01959387904131578
207,27.56118622615183,2.1577890279481737,136.27227711849076,0.21902810825075178,296.0951925819678,0.01796295003592915
208,33.42095393690952,2.2078925243643828,136.65198779438816,0.2313338033681692,302.77574493167253,0.018000147876619552
209,35.39774282819274,2.3628151251401515,138.15146385589776,0.24170514260757867,342.552996810735,0.020067451741246013
210,37.38882873608516,2.3708429749195394,139.15888908581857,0.24608749113021752,373.51928267193045,0.018335652613961195
211,32.59358373586682,2.302002170811529,138.80127970377603,0.236153746428697,358.5493137791839,0.01834542788447183
212,31.700113951743067,2.2941293091207116,139.04228461205543,0.21692224138683372,347.9015311194038,0.01933144328546858
213,44.498317608466515,2.2622387959406924,140.0387221116286,0.2326877461029933,354.6939114036071,0.016674754150192414
214,23.50819088255658,2.0764165319064083,139.81441851223215,0.21510982036809712,278.68206418613585,0.01682159051082733
215,32.32732139693366,2.1869479616483054,137.60389370388455,0.19139710068702698,309.10713178093033,0.019655513865590855
216,33.476689923341105,2.370395915523456,140.6475124480618,0.19872017788469412,366.4711063061597,0.020617894380495067
217,29.888810221780865,2.2835401392623083,142.82117293185036,0.20574664989573843,328.40805224605623,0.018575677982791843
218,17.241517480214437,2.096799119313558,140.20179341634113,0.20415957570075988,247.13703184459055,0.014871202235776428
219,24.932602991376605,2.195533771174295,145.87716838291712,0.17638848147221975,304.78659253006333,0.017993001030391722
220,31.558476107120512,2.345421700080236,147.4003412882487,0.16280984977881113,390.19979753746503,0.019790433888043312
221,25.513615848399976,2.1095017901173345,148.72819699887876,0.15979723483324051,285.47597471833865,0.0169142342375545
222,61.01453375816345,2.7493396060807362,148.29700034005302,0.17946504375764302,495.0776630091779,0.024056575874068675
223,28.682367191314697,2.285749316215515,149.52802307128906,0.16982893973588944,315.4705494256604,0.02010013245614481
224,32.43182898604351,2.313939152420431,148.63337442149287,0.18593283337743385,326.79961255051205,0.022600189737672378
225,34.53956592899479,2.4495866070054984,148.44001895434235,0.17871804065900307,385.38086340552354,0.022001519416101636
226,27.33826611536305,2.2616361386892274,150.21242355718846,0.22507013326011052,326.0836208396145,0.018134261601896295
227,26.97229110189231,2.1387900595205376,152.84427385445102,0.24119736640209175,308.86273580460187,0.017535073099530653
228,26.58982057449145,2.1164896281865926,152.42201731755182,0.2273565659729334,295.781005089248,0.01755314357676469
229,22.178219100772935,2.0360758744630236,153.8671153023739,0.23943850498071453,273.26554037394686,0.016834622642656286
230,22.745560913295535,2.052732308487316,153.8726082267342,0.2171086215383404,290.13277435310954,0.01761888683693771
231,26.35887705104452,2.0377536432843812,153.319782633177,0.18649872539328857,297.7194573164829,0.0168513834069802
232,25.27637044330696,2.1718001295993856,152.4685443035968,0.1935266541776719,312.8587051301839,0.01934162150687167
233,30.20346502559941,2.190072921718039,153.17343232689834,0.16326048942964252,353.7721366758181,0.020397567534868835
234,30.77540822318106,2.093810395038489,155.63835689660274,0.1812102271751924,308.99328924917967,0.016683907552365516
235,37.37211143473784,2.31021751380629,156.8368330001831,0.16247498042260608,355.8127662882691,0.020489433124597042
236,31.248154018236242,2.2009312985599907,156.60126760731572,0.1740927907867708,340.4242122626532,0.01898331018167992
237,23.106382824891917,2.079151026310365,156.19747072933643,0.19495936131184818,299.64919860946736,0.017572901070483357
238,40.98647113279863,2.277386199344288,156.3766659823331,0.2136265974153172,314.82708156101603,0.019755869900395788
239,36.65877684892393,2.348719178461561,155.99723576564415,0.1761076043731247,379.8096292857494,0.020160710175745982
240,10.870936173659105,2.030483759366549,158.0620563213642,0.19302077820667854,260.635651487902,0.017356842728371402
241,24.42303662337074,2.119916557341583,156.48023277105287,0.1862973055636236,323.8533955013752,0.0175258858978689
242,23.06864770756492,2.08245400914663,156.5428419475314,0.16606115894038467,294.30204321221805,0.01678581796901535
243,26.67543190836117,2.155440066034431,156.48105343446036,0.15146977054757,317.4077572227402,0.017646531449348427
244,26.038211135400665,2.072146492699782,155.4267373614841,0.1588680700192021,297.4000335978342,0.016116728844390193
245,22.195057034492493,2.104520269566112,157.52207279205322,0.1856065041696032,284.9436694938327,0.018351750277913397
246,25.559035688638687,2.0165892094373703,159.0115785598755,0.1783102690242231,261.2494362065677,0.015351841953842944
247,25.830137872371544,2.1613565431971127,158.94548283791056,0.16796321837472267,298.82173078030775,0.018248289866421387
248,31.442492610010607,2.1888675426614697,158.61127193056305,0.1721899891207958,350.1033774425859,0.017776269758053565
249,30.26908494408723,2.210590991244954,159.30549388326656,0.1901137862995172,310.60367477842385,0.018199582273458463
250,32.143322558052795,2.3043857469397078,160.776507102837,0.20608512295336373,376.19302268281285,0.01915730183734183
251,27.252741997969068,2.1826658138992094,159.28637597915974,0.20660659480602184,326.6369652847199,0.01675832906699637
252,13.926407859438942,2.037116970334734,159.2564508347284,0.19537808497746786,280.153267412042,0.015513964323626915
253,22.42238146940867,2.063369390964508,159.4919595336914,0.20896364311377208,306.98031374636054,0.017848208671886044
254,25.068517599787032,2.1127429334890273,159.69422476632255,0.19926940436874116,302.3381462197191,0.01659703742184247
255,22.417397185375815,1.9572020329927142,158.6411357678865,0.17848195370874906,261.76108731301593,0.01431427005754908
256,20.12772972862442,1.9307916814630681,160.48873614026354,0.1786195243914406,256.9630923897327,0.015464822905148744
257,26.061805604255362,2.1646898527667946,158.79638044801476,0.18855280464846794,318.652989147082,0.01800056785440252
258,24.789155077578418,2.175310841247217,158.56930541992188,0.18819151974436063,315.23025912703235,0.020336482612284892
259,27.33084390421582,2.1419950313628857,159.42546684119353,0.20772389953683137,320.39696951305245,0.0179820264732625
260,32.72685274756028,2.1873502928786484,158.35638549430237,0.20380493194047658,328.66312534932,0.01839627527942861
261,18.789828841449225,1.9960530982380025,158.06866392615245,0.19618925164666093,268.9474729322539,0.01587189420418965
262,16.497605206361456,1.929035031973426,159.2204309719712,0.21126567928203896,239.81017479724014,0.015829212563026475
263,28.62608915873063,2.1448057821163764,158.2150023044684,0.2022867032732719,339.78435065294866,0.018173126033101825
264,25.35271303653717,2.363006309668223,158.25997136433918,0.20344237958391506,365.7419432972013,0.022229300341852495
265,25.44552163807851,2.1641831697907836,159.00454788687844,0.18237571540118763,314.15337076695045,0.01773919527684998
266,37.75642292927473,2.347223977247874,159.63202588986127,0.18681627039152843,393.45049728479,0.020637232263846055
267,29.483728165322162,2.1840425966479255,160.17083285717254,0.17226518199164817,343.8445044361969,0.019136457812930153
268,14.521043968200683,2.146314104398092,159.64254455566407,0.14694855908552806,259.08707064170636,0.01902492667758757
269,47.99332012448992,2.4442286576543535,154.22503444126673,0.15085249873144285,403.8723117927887,0.0171857190217649
270,29.88246756754104,2.3169235712403706,160.26505789787146,0.1611535650719503,376.0052639977095,0.019646129419423695
271,29.145105682461466,2.197970167690555,160.36596942421616,0.19204856780980598,354.95762681753723,0.017859289173532848
272,29.96937061268124,2.257914896871223,160.4354358944085,0.20477445867380809,342.18202497316514,0.0187677049715694
273,22.509241177863682,2.0771202696967372,160.35343791529075,0.2242600850223266,324.5747564871977,0.017114382543224525
274,29.12492100911982,2.1421943257836733,160.91115282844095,0.23197260349988938,343.95054951214365,0.01808912021058864
275,22.380281932892338,2.012693912111303,160.862180074056,0.24321498785929013,293.0725326994305,0.01568577743810811
276,22.355929278901645,2.027567874108042,160.43009771619523,0.2519269783848098,292.1981815030414,0.015301061791601142
277,26.713216515069597,2.107210916079832,159.06403796592454,0.24004143702515054,330.2938730774778,0.01806814271857758
278,25.87091736977803,2.1165037293365034,160.0146554403259,0.23442893896413886,326.30410658579484,0.017713755675819707
279,25.716365742002214,2.1151211057390484,157.2137504359654,0.25168513000011444,325.14474048801014,0.01803970797591923
280,23.89201532214521,2.019639212683023,155.79010092494,0.25867597354822847,300.69647557394666,0.01655059361219686
281,50.990051454967926,2.3581200970543756,154.40643480088977,0.27478520820538205,481.95594360689415,0.017946574020202624
282,19.037838202167823,1.9798710760862932,155.05770468596674,0.2759788376121705,278.9093459895268,0.016150802581183378
283,20.445194672074233,1.9645667034283019,154.23741116440087,0.2776904790417144,302.2988662252055,0.016099133945008292
284,23.374248070815174,2.015535519909613,154.3817426543875,0.29374295427012687,313.8550164602808,0.01674796503738298
285,15.47522303036281,1.9621901171548026,151.72843715122767,0.27798891209420706,251.67090792993235,0.017862034885907246
286,19.202913991398685,1.9357247901053483,152.94859853534192,0.3091487253913408,282.37616407395217,0.017367289218408924
287,25.00823301780881,2.1289268994894552,151.39402746966505,0.31162785322178066,355.78733805495693,0.021198540712181684
288,22.122802381688448,1.8954777692883744,151.5439400944685,0.30789566881607233,300.22464710632846,0.016906007260921868
289,20.289244771003723,1.8980253338813782,147.71988677978516,0.2860903175813811,257.4595597944857,0.016859915914560732
290,22.342091128230095,1.9148830019614913,149.5901053168557,0.29985491186380386,304.1582878090223,0.01760078332971421
291,17.39140064038601,1.8174290411968521,148.5029832094454,0.29958567409043385,258.93949788669863,0.01611670796346772
292,25.92664341034928,2.010690073656842,147.22320432585428,0.2786679269094777,343.2277655449745,0.019713239429373676
293,25.612756490707397,2.088179828791783,148.06677890646046,0.26596190086726484,349.07734245532066,0.020740922719238854
294,22.48969525167312,1.947197369460402,149.1532017499551,0.2914746119373146,313.4376712132881,0.017812745601621514
295,18.420656905116804,1.7909779304481415,147.13065453035287,0.29390193961830025,280.69947628942356,0.016007188385795228
296,17.26150205662084,1.810645187316939,145.41962920787722,0.2942630464947501,255.33558257388097,0.015973843134112296
297,17.09116664910928,1.7943202960185516,147.43589587089343,0.29921037417191726,257.2503397847192,0.016936192676827774
298,16.300078696250914,1.7546003935337067,146.27838508605956,0.2671413718163967,254.32377229093774,0.016165227812484577
299,22.701369040966036,1.9810051934719086,146.56977374267578,0.2749112199395895,324.48807310542855,0.019404585667205293
300,19.279513677231577,1.812355358043766,146.90608326053402,0.2683127148081116,282.05047914146394,0.016672424221674736
301,17.16394454908371,1.7473898552656173,148.6142243041992,0.24620283976197244,272.0812611842464,0.016887499785919056
302,16.019494624971188,1.7713280838091396,149.45710154413018,0.27039605498458574,265.78957979635004,0.016900254655690772
303,15.22804963927928,1.7335786889723646,149.80923688314795,0.23010647716379262,257.9458602500891,0.01671332270375538
304,12.777261175428118,1.731121953044619,151.10411066327777,0.22779816926590035,233.67927624974604,0.01640095338844799
305,15.975500333281387,1.7446207744536144,151.33897816051137,0.22523816772204736,247.05420994472237,0.017428072957968544
306,18.30157608151436,1.7952102262973786,152.5844845275879,0.23591486971080303,273.3121480730987,0.017893413033112558
307,14.444404769182205,1.6705782867670058,152.62261767578124,0.25166203786432745,240.58785126028442,0.01644550014935389
308,16.228675175208693,1.7246421590688321,153.5973148830493,0.27533909093425124,264.2655111679991,0.01754956305824116
309,13.982512966446254,1.8340944466383562,151.77124952233356,0.2785663747269174,269.73073845867793,0.017140243433941712
310,13.587110300064086,1.656819458603859,152.11500268554687,0.2883021088540554,245.76514201785142,0.016369075460404097
311,14.380941122293473,1.641826535820961,152.57410537719727,0.298337000310421,255.49339101419926,0.01706611954242874
312,15.60674862688947,1.6883552237370303,152.7624232924987,0.30528857092434003,278.1506194216348,0.01785556316704736
313,14.266766721888105,1.6343952708466107,152.70903949589692,0.30600251719471094,243.90503111330855,0.01682391957128508
314,14.626128155946732,1.6522938400506972,153.35254806518554,0.2731222773492336,266.31546886851027,0.01714849529390063
315,14.610409487962723,1.6436599196195603,153.23249720764161,0.2805521583557129,262.35375393740577,0.017247307491480283
316,12.895351513385773,1.5504695941209794,155.25214947509767,0.28234798365831376,246.65652165923007,0.015549162820579967
317,11.99814649080408,1.5351811014372727,155.50731127508755,0.285022178703341,234.62764679893866,0.016106117842854414
318,12.005594793816059,1.5112486526980038,156.11517789071067,0.2998754877967444,238.5041427206503,0.015515560207058002
319,10.504743695259094,1.522994539141655,154.51977701187133,0.3053406385704875,226.26355577342602,0.01596012568306331
320,15.293416018486022,1.675516514579455,154.9147189839681,0.3480144934852918,281.96373879009445,0.019331202310870203
321,13.189292379494372,1.550007105558768,154.3763839020126,0.3549936680958189,256.177460150411,0.019469838265130313
322,14.104304195404053,1.5465936403274536,153.82521127319336,0.33160661068558694,251.4756957049509,0.017783815595500786
323,11.57692956519127,1.4730025395154953,154.54739923095704,0.3100609137713909,233.49392054100065,0.01692296555341855
324,11.82749419927597,1.479394653558731,155.26158798217773,0.277895493388176,224.72613204592625,0.016890382890791224
325,12.889061311006547,1.5319035481214522,156.72770391845702,0.2782013752758503,243.21372784832778,0.017405972839507698
326,10.38886706328392,1.4613930867910385,156.35292025756837,0.2152150015234947,221.8432536173719,0.01778573222724024
327,10.173346143960952,1.4814121963977813,157.19027688598632,0.20878880782425405,222.06850456810207,0.01720497810834151
328,13.575812070710318,1.6085757219791412,158.29473680768695,0.20084999791213445,259.8356672431206,0.01909590117519739
329,15.78792794919014,1.6051961829662322,158.69704208374023,0.21537538787722588,269.9518569943541,0.018321383433682992
330,11.41230431675911,1.4482860732078553,158.9139732055664,0.22355564197897912,221.8746058080711,0.016156189069246003
331,11.28973202776909,1.462834881901741,160.135859954834,0.2100312173217535,229.94714044618974,0.016006979280942257
332,19.040460030237835,1.6200239857037861,157.3477414449056,0.1680123551438252,285.8396684368943,0.01947393164910145
333,12.799328984737397,1.525129041671753,158.81532537841798,0.18999404083192348,259.1009545956216,0.018383145322621808
334,10.30851410150528,1.4267964586019517,160.70376669311523,0.21468993474543094,222.5116395739144,0.01693665506556281
335,9.8629731965065,1.3632025763988496,160.75879296875,0.22736358779668808,224.5398769168924,0.0161095519391189
336,9.449169900655747,1.4019060430526733,161.00075640869142,0.2391383699476719,221.72601015785034,0.01711482859428381
337,10.00066304755211,1.3925233113765716,162.2748706970215,0.24521162909269334,229.5309488266444,0.01745656782398612
338,12.242875172837497,1.4471417175924808,162.6621839272473,0.24897021887172244,250.58729829887943,0.0175464871700087
339,10.9939281976223,1.4082900129556657,163.206443359375,0.27195718759298326,230.92040505689627,0.017239671443868433
340,9.836269614219665,1.3935620867013931,161.80184176635743,0.26846632999181747,218.581750111862,0.01607221160857453
341,10.237570312261582,1.3678839333057404,160.69207415771484,0.2541775571703911,217.14033567306876,0.015926468263814213
342,8.185821225881577,1.3238650439977646,160.89109582519532,0.2635766831338406,211.9652406211144,0.015309261433990848
343,7.594013265013695,1.3131890771389008,161.10801052856445,0.24230638965964318,200.47257014510814,0.01596352707654033
344,8.595251475334168,1.375704242348671,161.68159182739257,0.2208035009801388,206.95550691620102,0.017365026845367934
345,9.70752994608879,1.3873403453826905,162.2294329223633,0.22126480327546597,223.32471624285768,0.017688128734273632
346,7.552085245847702,1.291228089094162,163.49310931396485,0.21388249835371972,201.59492351002834,0.015377161245966527
347,8.893012311935426,1.3285961632728576,164.2517745666504,0.22421912422776222,220.83739206643227,0.016776748810483855
348,9.374054837822914,1.3835772565603257,165.6610137939453,0.2578593029379845,234.2223525978181,0.018083691355313222
349,5.970857327699661,1.2074044554233552,166.42505554199218,0.2787360447049141,181.6451765680978,0.014541696965858743
350,7.971775414586067,1.2507286688089372,167.41255142211915,0.2696631883978844,203.94264119162816,0.01656474692101964
351,8.670476349115372,1.3196058226823806,168.24302993774415,0.2514127008318901,226.0511614734532,0.017862622721078598
352,9.133560073137284,1.3150217875242234,167.1208868408203,0.24256469517946244,231.56666212460465,0.016991150658295345
353,9.310193055987359,1.2757025829553603,167.42647509765624,0.24427781960368156,224.27533180163996,0.01653509926378918
354,10.34451819396019,1.305508571267128,167.9420891418457,0.21827749279141426,230.4990200522223,0.01910822400013442
355,8.933730680704118,1.268886120915413,168.70545458984375,0.2181668716967106,226.7582547412346,0.016312285437527507
356,5.4717612824440005,1.1265411392450333,169.24536209106446,0.24203496924042703,179.7768895521625,0.014448136216933588
357,6.406200649378435,1.1091260181283051,169.87290349996314,0.2238792081486504,182.54182244514567,0.014803559576858924
358,8.523146475434304,1.2202864557504653,168.77233819580078,0.19314504830539225,222.9263493469427,0.017189733477558478
359,9.383903494596481,1.2283339281082153,169.88239453125,0.19384809656441213,226.2227631432111,0.01746959166551326
360,6.533757277965545,1.1943071916103363,170.34570584106444,0.20234219071269036,188.80272734876547,0.016016046348525298
361,7.586989458799362,1.1595861393213271,171.55601495361327,0.23521171011030673,196.87623335106105,0.01546441283971443
362,5.157330470919609,1.0979672149419784,171.39261318969727,0.25704087877273557,165.68854872534794,0.015449216478862951
363,8.461646927952767,1.19072780585289,171.60654116821289,0.26853796356916426,210.88571202921074,0.017024742330542415
364,8.454004705667495,1.2090249469280243,172.82277517700194,0.2952299811244011,216.4969090035385,0.01752349786689787
365,4.641530983090401,1.057325857758522,172.6526840209961,0.33285478937625884,160.3601838333974,0.01361926235926093
366,7.258878890991211,1.1043996497392654,173.37348776245116,0.3329041123688221,192.19361762060424,0.016339032492601758
367,7.040691779017449,1.155360793352127,173.59226467895508,0.3686769502162933,204.06468276863404,0.017934205158642715
368,4.741804056763649,1.0152233234643937,174.87857125854492,0.3683745963573456,157.99798131472238,0.014707338673294029
369,6.415169767141342,1.0725192719697951,174.86808947753906,0.3445853934884071,184.14253829375141,0.016349995438498962
370,5.671613402071819,1.0277099502983913,174.4398236346501,0.35910422279629656,179.4387558178471,0.0159095273311825
371,6.875281386137009,1.0820797169208527,174.8901480407715,0.3804935859590769,194.48934784362427,0.01683918054417933
372,5.535380787014962,1.0110190427303314,174.83227563476564,0.39978191232681276,185.34436196564556,0.016340300625597447
373,4.131001944541931,0.933554428100586,174.94646575927734,0.4028937863111496,155.10426999153862,0.014517120334557376
374,5.3282520313262935,0.9957287381887436,175.2270835571289,0.40443827033042906,178.48754061387572,0.015774343969241624
375,1.311575927904674,0.7350084441048759,174.0024915422712,0.36007485006536755,57.66245885922062,0.00976956885338115
376,7.324177560399607,1.0292420353379137,174.40308750114312,0.3593037123963187,192.56258443642736,0.01703131839159872
377,5.044897634267807,0.9853469694852829,174.723639251709,0.397049697548151,171.23935772520448,0.015643112487122156
378,2.6770875725746155,0.8017010593414307,174.44514044189452,0.43259722721576693,117.5894825352697,0.012713909403834777
379,4.210581222772598,0.9078530042767524,174.37741796875,0.429704818546772,145.70512275365687,0.015000018600530714
380,5.2670966578722,0.920314877152443,174.87156854248047,0.44304673457145693,162.39368035021988,0.015718946186175465
381,4.102083738744259,0.9010647107362747,174.14761550903322,0.4244052519202232,147.11722450801975,0.015865229888493707
382,2.315083648145199,0.8053199697136879,174.89691146850586,0.44534139388799665,116.51398055440106,0.013183589050901572
383,2.438409945309162,0.8193531892895699,175.04545016479491,0.44036540830135346,122.0624779929434,0.014657773503959078
384,5.328187958002091,0.961861144065857,175.27208465576172,0.4301070605814457,171.3196368304567,0.01885905999485378
385,3.264362924516201,0.843950870513916,175.01405773925782,0.46524091935157774,128.96119555787521,0.014819384274840596
386,4.021515223870472,0.8984471720700361,175.06817872962174,0.4673066440589574,146.5294519219025,0.016220394192387577
387,3.055163980603218,0.7919613198637963,174.99887854003907,0.4783660004734993,127.98266798148057,0.014162222175718551
388,5.871875788450241,0.9536955336928368,174.49982955932617,0.46776349759101865,167.67942455726424,0.018491919582686075
389,4.5390558709502224,0.8490597133040428,175.32313671875,0.4746089480817318,144.9149650676405,0.015719450344653906
390,2.401051862716675,0.7940520099401474,174.50248443603516,0.48450909864902497,121.276931220961,0.014368106067403168
391,2.8062295492887497,0.7625322746038437,175.7429201965332,0.4555458419919014,124.36634625802716,0.013398305544683336
392,5.3530583144426345,0.8762760283946991,175.88402975463868,0.45493416708707807,157.5021813507551,0.016958317497640516
393,3.6424066044688224,0.828300966501236,176.15164028930664,0.4126084660589695,138.5369708562045,0.016016542884510113
394,3.014413067817688,0.8215557994246483,177.42871768188476,0.40093640542030334,135.50125786833482,0.01606219109362723
395,4.305518672187278,0.94644137139016,176.45211077750997,0.46784710630457454,170.95575847997452,0.01902755502541135
396,2.526248486712575,0.7561655347900731,177.6747547785441,0.4417592992207834,122.44325647010436,0.013677766768218599
397,3.775459035297065,0.8112397303438594,178.10687712318878,0.4394907365921895,146.3002191216077,0.01681849594568543
398,3.3157643941315738,0.8067145865975004,178.55920724579784,0.434906244187644,140.68006798328307,0.017766430326842778
399,6.344439360797406,0.8312294659018516,178.82459716796876,0.49270462334156034,167.42207807817184,0.019275278823040608
400,2.5766508394274217,0.8554836532165264,178.8545195480873,0.43172454731217746,140.87458931410904,0.014929244919487782
401,4.007223914802075,0.8262417751550675,178.93040609741212,0.3789915905147791,153.5456922627796,0.017031541129099853
402,3.8500294717550276,0.834553640127182,179.35212814331055,0.4194044651091099,152.6557475647134,0.01645559776171227
403,2.271787915334982,0.7360662933658151,179.54996266084558,0.44908806208301993,105.13740717683322,0.01233234801045456
404,7.145948298941267,1.0301484209425906,179.38660180923787,0.4673511498786033,221.33990723587175,0.020982816058912914
405,3.678950001910932,0.7605328211894614,179.1269257826612,0.5339731270867276,137.29113231267687,0.013804015592251187
406,4.457561875616803,0.7555094925796284,178.3938222548541,0.5473857479936937,145.2786580666604,0.01450919025750236
407,6.323665547771614,0.9072105238417617,178.24206876354057,0.5253037880448734,189.8081490323049,0.018010542479541994
408,6.065193813353777,0.8271547901630402,178.75244326782226,0.5092316511273384,167.67265925996705,0.016543110699515105
409,4.751816658735275,0.7787619951963425,178.82107290649415,0.4971939707994461,153.87344500224236,0.014204833565608041
410,3.392979071009904,0.710285130267342,178.4373197555542,0.45281179942604566,136.98052498569893,0.01408524053627844
411,3.3154479260074683,0.695395271179124,178.0398232596261,0.429627596157525,139.10452601213902,0.013522675535094085
412,5.908583837373374,0.7704975082468024,177.85908357765643,0.39004643792662386,141.25486034052344,0.01638927218040695
413,7.072305467603433,0.9571392870596631,177.77903595661147,0.4291806912799766,200.39055808859536,0.020674996260275715
414,3.850197437554598,0.7594580502510071,176.61834432983397,0.45236680668592455,140.76767114576808,0.014986750627009219
415,3.2673811578154566,0.7538612319827079,176.3595476074219,0.38431548500061036,144.29924449305102,0.014826274064433573
416,4.897416797864069,0.8215063828782937,176.92832314402787,0.37187387648317005,153.271893229893,0.016695681762159346
417,7.070400885560296,0.8442139679735358,176.28178088695972,0.4464459984333484,177.56091874776817,0.016383677802861582
418,5.573756527870893,0.783021724820137,175.58835552978516,0.4939367081522942,158.34343876511423,0.014866419896887837
419,3.746701335400343,0.7144906617403031,175.35433770751953,0.4284863369464874,131.48100905547597,0.0140067144794559
420,1.064232898029414,0.5626341131600466,176.0578876842152,0.5238761617378755,66.46923001487245,0.010136861819182486
421,7.522228318551355,0.9001031547538505,175.24739862867622,0.5336271345245936,187.2606159394048,0.017184036027951103
422,3.561437119215727,0.6985583430528641,174.75995590209962,0.5446881822347641,129.68962114220815,0.013011372012067356
423,0.6547349265643528,0.5427223699433463,175.28783852713448,0.5518434601170676,64.09363778697312,0.0075927786529324795
424,5.63542485743761,0.8142130004167557,173.61816693115233,0.5421213577389717,168.94854221853637,0.016069145248608755
425,2.5828080210983755,0.6749297662973404,172.2084135131836,0.4315831185877323,113.71675676647914,0.012515006730886348
426,1.941597145497799,0.6562106639146805,172.13331408691405,0.49491860806941984,119.64122759876302,0.012880639899790098
427,5.299075560033321,0.8191725834608078,171.23753546142578,0.4901222012341023,163.81709432102497,0.01756720485451598
428,2.674795351177454,0.63553552120924,171.69990362548828,0.48407353150844573,117.10231497078634,0.012782442415274983
429,3.055397861003876,0.7042377440929413,171.7917036743164,0.48727360081672666,124.41071091003285,0.01432462848634758
430,4.203146846026182,0.7517075470089912,171.83454837036132,0.491855563133955,154.31768234827467,0.015553069009648344
431,1.9541732647589274,0.6293903972421374,170.82528250558036,0.46678232295172556,124.7550237774745,0.011968296160234579
432,5.227967466711998,0.7699775245189667,171.29528768920898,0.493341767013073,148.99167508204667,0.015521095956484491
433,3.4367437760035195,0.686990405237952,171.45782151333123,0.5284851332043492,113.41534814718032,0.013989908733132838
434,0.9564663611839865,0.5619828411351855,171.29441591066734,0.5469073020966253,80.40814546692866,0.009594490887122284
435,5.146365676596761,0.7900921857357025,170.41797958374025,0.5227800216525793,147.63733677092256,0.015469320843276426
436,1.0882370130582288,0.5739935175939039,170.89316378506746,0.5580918355421587,77.28758458976561,0.009479442665002693
437,1.1478977178533871,0.5836556603511175,169.73599497477213,0.5648652613162994,85.6305700774695,0.008630315736470879
438,5.811347958385944,0.8334242566227913,169.19513732910156,0.521662879139185,151.895725775275,0.01727130100743488
439,4.86566952246476,0.7758320365252533,168.6680451680005,0.5191605524803565,142.2252852116975,0.014524265348432657
440,3.3288934061656126,0.7811733102476275,168.0789869153822,0.5205168788094778,140.13676723044182,0.015599074322987676
441,8.065977493851957,0.9333804809831278,168.21331268249142,0.5028783465235286,190.23849745046718,0.018327061081347344
442,8.453116458538291,0.8829293475522624,168.251307103541,0.5100676487018536,178.4659200387418,0.018075547262395325
443,3.001310709655285,0.6627786818742752,168.06434640502928,0.5431318923830986,115.50633888517002,0.012082756681456776
444,2.7520821715257444,0.6530474556085154,167.80213118916717,0.5402020677018561,112.77898185713255,0.01139758855467136
445,5.060296986430884,0.8148065444231033,167.48354635620117,0.4928308636546135,151.76960976526397,0.015790528410654515
446,4.0551774632632736,0.7627858811616898,167.73476062011719,0.5124007794857025,134.9922384101043,0.014111961652770236
447,5.4092357651889325,0.8100400952100754,167.76411624145507,0.5054159420132637,153.70649681018247,0.01590716212195711
448,2.0919155916660137,0.6682867853358241,167.58057985211363,0.5355156847450993,103.91138795549416,0.011854528675520127
449,4.145976426512003,0.7006002714633942,166.91333685302735,0.5452077789902687,129.95855933787095,0.013507666246900403
450,4.531008517962915,0.8802282337789182,166.33305313675493,0.5219194606498435,199.74677709461648,0.019540343029141087
451,5.247230715245008,0.7839693614840507,166.04960021972656,0.4832182689905167,158.38076916761008,0.016027473305165043
452,5.766401734471321,0.8243736732602119,165.8833272705078,0.5023062609434128,176.54630158180305,0.016945583284860802
453,2.642068333047278,0.6924203134634915,165.37797602485207,0.5484880824737689,133.88437320923336,0.013529240756260719
454,4.585895942221762,0.7689682148513993,165.00840755282897,0.5224661471331931,144.76249964313425,0.014130239265144093
455,9.845656608960715,1.1225553772535668,163.8873342491058,0.4491362618394645,252.29302228720448,0.02298927486306556
456,9.138264581561089,0.9258538842201233,163.04366455078124,0.5372099041938782,232.20704496255084,0.023427106019789548
457,2.091654958633276,0.7592410147190094,163.7640392596905,0.5193828115096459,144.28501394256833,0.014787140867790519
458,3.168236047744751,0.7012552505135536,164.11828930664063,0.44956233924627303,127.75629922319742,0.01277096106520136
459,3.5322062971293926,0.7476607667803764,164.52769250488282,0.4019090130329132,128.69662421326186,0.013728559606834842
460,6.2870865598917005,0.9034133578538894,165.9019560852051,0.3572452341169119,176.0564148365073,0.01734244157892476
461,3.058527321487665,0.6981603116393089,166.15160241699218,0.37023144520819184,119.69525275289136,0.012705888894766747
462,4.530668101876974,0.8009787953495979,166.22239178466796,0.3618068866431713,146.7537616038491,0.015331560356450233
463,6.0210706217885015,0.881049456357956,165.89673709106447,0.39245945486426353,169.26335473813606,0.01713893251026274
464,28.363580401738485,1.334018874168396,165.37726440429688,0.3329258809487025,351.46529427723465,0.02642236193647265
465,3.038595541507006,0.6949130550026894,166.56131051635742,0.3186027604341507,116.89675942605173,0.01212031071105055
466,4.310312779486179,0.8121511195302009,167.22071908569336,0.32867998380959035,144.8446839593478,0.015003651166111439
467,3.338767397046089,0.7177574604153633,167.1667918395996,0.3293118677735329,122.17499629948347,0.013991480998689364
468,4.829411736667156,0.8239166809916496,167.51222808837892,0.3336325079649687,144.43366056185235,0.01577645764839777
469,3.7067297147512437,0.7752628067731857,166.93582107543946,0.3317776783704758,139.73781069333705,0.014007168696330351
470,3.357453985273838,0.7439395506381988,167.11876922607422,0.3733757321238518,124.66018340225588,0.013924802529050666
471,3.6548417584896087,0.7415392276644707,167.31179760742188,0.4344355336427689,133.80725355163605,0.014539440856080756
472,6.276955480486155,0.9194144242405892,167.30875189208984,0.44164081555604934,174.7314950236431,0.018270183235116786
473,3.700122945666313,0.7442978354096412,167.19080215454102,0.4709255833029747,132.054067297224,0.01375817985869217
474,3.6096656673550607,0.7441260946989059,166.9534196472168,0.4729153306484222,151.6253754815122,0.015220791937510048
475,5.387802639663219,0.8724890741109848,166.70941226196288,0.44518978691101074,177.29637823897585,0.01746698254806426
476,2.7021731536388396,0.6877412883043289,166.69388439941406,0.43748281061649325,130.63389488490554,0.013187957972220355
477,3.483657666683197,0.7349531946778297,165.84258084106446,0.4408173575103283,136.00017048360473,0.014885496564034137
478,2.8358438004851343,0.7077631207108498,166.3440626220703,0.4117870134115219,122.89691288991037,0.013327179671092305
479,4.469769475638866,0.7995595160126686,166.25623403930663,0.42149594143033026,148.19094510341674,0.014878918516221274
480,3.6211241096258164,0.7393077993988991,165.8166188659668,0.4213978767693043,136.8993104212032,0.01496717038430027
481,6.81518949303031,0.9039009798765183,166.28304055786134,0.41148599568009375,173.33332893729488,0.01799943196694499
482,4.602413839161396,0.8153182756900788,165.84281945800782,0.4436600171327591,154.419963219716,0.015383450921171098
483,2.0766961686313152,0.6064936825633049,165.90873675537108,0.4918076719045639,90.54823063015952,0.011508705324585556
484,7.258335931769882,1.0292510770571728,166.10774779319763,0.43886906560510397,205.367396650065,0.020650772217745125
485,5.164572160303592,0.8400872237086296,166.5965591430664,0.4895402474105358,151.21524712808798,0.014554134603664483
486,5.191595263004303,0.8081485586762428,166.67795315551757,0.47426721814274786,153.84823786984705,0.01596879959193009
487,2.704351221114397,0.6727881831526756,166.38757553100587,0.446558546602726,117.42618460713875,0.013010034940924294
488,2.858358699679375,0.728900860786438,165.19496170043945,0.4562395720779896,129.00203509726478,0.014676336295028946
489,3.317342158287764,0.7039994357228279,164.930203125,0.4787947461605072,121.56830386820691,0.014543011400589504
490,4.1725260346531865,0.7409868683218956,164.42240969848632,0.4854019204676151,126.13656204330177,0.014161644267655704
491,3.754597827106714,0.7445393980145455,163.95361294555664,0.48510601425170896,159.58819906811894,0.016594660016611
492,5.3649536856412885,0.7873369671106338,163.55262280273436,0.47456047269701956,145.05704122457746,0.015611234170856981
493,7.045623387077025,0.9054531531674521,162.76471366882325,0.44593647766326155,175.53038238476665,0.017939397225539132
494,3.3783204430639744,0.7278319228887558,161.61324057006837,0.47320907008647917,138.67161085822218,0.015075156249552748
495,4.760474570393562,0.7865051200985909,161.38277999877928,0.46568493473529815,150.2348192185528,0.01624785445546646
496,3.4065842961966992,0.7054790495634079,161.1551008605957,0.461667115598917,127.7841809102112,0.013103203353292419
497,4.268944995820522,0.7649545842409133,160.91101794433592,0.4807810408473015,153.41071989617404,0.01536595252916398
498,3.400423934062322,0.6832248703354881,161.21973685612755,0.48934274651701487,125.45474442470704,0.013560814934816107
499,4.007622951714249,0.7140381280735973,160.81319126938328,0.5251591628764098,146.77645083748385,0.01536503348979275
500,6.701031944124757,0.9089879147115463,160.67389185288374,0.4840202727016693,201.2724412846132,0.018889654065358565
501,1.660926076082083,0.8539378963983976,159.00341796875,0.44721939815924716,140.8113586618234,0.020005487409365665
502,3.6649550745487214,0.7828024191856384,159.31193841552735,0.47521940362453463,166.18303162692365,0.015895396944170765
503,6.530548328923625,0.9026038253954215,159.1224821026627,0.49443753040576166,196.00376568113538,0.017670884806079385
504,6.960203358147404,0.9172816365072043,158.27447464442488,0.4858572274298951,230.52428413567446,0.01866003090242652
505,5.22841592025511,0.8183772282809326,158.14939597218307,0.5151642854373479,173.01308471995648,0.015827752032528564
506,4.643961920782372,0.7705521891041408,158.35001094757564,0.511503279839874,169.513921144213,0.015543885945067566
507,5.2668612631559375,0.8633204926252365,158.77458648681642,0.4905161742269993,197.03476366480206,0.017004522306326667
508,7.262638359516859,0.8482961050868034,158.09660717773437,0.5098627528548241,196.39729638122208,0.016444318112339287
509,4.60919299480319,0.7612419650554657,157.41938845825194,0.5455545397996903,158.14231759066925,0.013522070145266884
510,7.384926005721092,0.8795635536909103,156.8665335998535,0.5334564323425293,191.46868910237123,0.016763710466906133
511,5.213718220908591,0.7943657133596164,156.2524039626967,0.536270040358212,149.08650975833967,0.01546044322724839
512,5.278432702213526,0.7636715494394303,156.03301007080077,0.5514174336194992,169.7529082542225,0.014772483157092758
513,13.39437780319116,0.889077943104964,155.42173845340045,0.5263110005702728,241.02969294270383,0.018148018967858205
514,5.007830305635929,0.8507698874473572,154.43472067260743,0.5386382972598076,177.76534572205165,0.016692040197672595
515,1.2085651814937592,0.6342956900596619,154.814653523763,0.5380581617355347,101.07505891942566,0.011719972260582712
516,9.39220627764581,0.9327081106078456,154.27701579349142,0.5045920627217897,214.2269956366124,0.018214359158373675
517,7.527284573405981,0.9451136682033539,154.04172045898437,0.5153733655810356,208.77446757235654,0.01869068105070569
518,4.534263171762228,0.7442220237255096,153.91111956787108,0.5267032333612442,153.63319991267278,0.014101069139183171
519,6.977354188349621,0.9178326048634269,152.30928733132103,0.5087669463443362,188.20622536657083,0.01637643998454128
520,2.095350385045206,0.6613353625689139,152.07678998382397,0.5407700801694859,124.49507622300747,0.011598281053811187
521,6.103827455779538,0.959545417688787,151.6539787054062,0.48908368102274835,223.21436792725098,0.019578564118300272
522,14.232661231642677,1.2416836397988456,151.66419038318452,0.46678463646343776,311.8399810976673,0.02313143239810256
523,9.536225193692733,1.0054593938727712,151.99962562738463,0.4334058930245481,232.50917272915825,0.018629751334260716
524,7.961315550094794,0.9454935138875787,151.88106391843687,0.42032095814539383,200.735118368829,0.0181499408289993
525,8.122241380938723,1.0394358035245557,153.90945818380345,0.4363421901054909,200.6937266847028,0.017806070124305143
526,16.20825763715383,1.2771345781974304,154.01172784658579,0.37066234399875003,278.6942585164406,0.022590062755452875
527,9.768704734385013,1.0146026101112366,155.97725357055663,0.3692144200205803,206.59853075964634,0.01631160137505008
528,10.23244024666446,1.007089520700651,155.84479551085758,0.34363356509798204,214.8515704026601,0.018084944080344598
529,5.622576059959829,0.868188539519906,156.09069881439208,0.3810880288481712,150.56463503464437,0.014202424463221902
530,2.4444220994841563,0.7464774875608209,156.2908487189306,0.4137715021633122,138.83476631322165,0.01327586578207691
531,9.611347941875458,1.053527919769287,155.65546377563476,0.4057653892636299,223.65702389351324,0.018994069690630156
532,9.394782497404933,1.0024783121304468,155.59539997685064,0.42357302413464665,225.85627402462194,0.017815973135684046
533,16.176144755122685,1.2677039993871557,154.51375255018178,0.32813773296847204,273.5913684233285,0.02346814188284877
534,11.487193355637212,1.0928581876139487,153.3192630890877,0.32044433201512984,256.6270910966715,0.018030790278519452
535,2.8745576496802125,0.7307257593846789,154.60242043289483,0.35176893688884436,150.05322296066447,0.012089855015801353
536,13.3220390228376,1.1545674008865878,154.3400158816821,0.3717452407597679,293.13750962069395,0.020875374621938458
537,7.9809730327647666,1.1925864307776741,154.65526972231658,0.3852025770622751,243.16168059810167,0.01791573007533905
538,8.123898231705954,0.9502771061520244,154.40071127248365,0.4348795620507972,204.90540995683446,0.017642151436443647
539,9.596824045890964,1.045065203297463,153.93768043369636,0.4299509913772924,241.73828139172954,0.018702352360892883
540,8.57346272683281,1.0643601173626243,152.4652027492908,0.45129742110496984,225.63011258350366,0.01775953814153967
541,8.386484518908619,0.9276973757827491,152.02515189187568,0.4663242044156058,217.1285490532846,0.015691309955954257
542,8.759784522252296,0.9434413248033666,151.6071622478428,0.48612546725059624,223.1367498127933,0.015938218560775652
543,6.9171047116632876,0.9830264482783321,151.48691865534482,0.4931942393811438,230.4519836775512,0.019354999666839106
544,7.078766093403101,0.9144256092607975,151.37158260345458,0.4924524236470461,176.78147289234653,0.017864639125829498
545,8.16996281138427,0.9600896612345744,151.80751509632137,0.48429964171896733,216.7178962556264,0.016935992995922314
546,14.74838094321298,1.2745390092885052,152.13332545904467,0.43426705372554286,284.6294694143693,0.022312885336466536
547,12.702869509496997,1.1926055271779337,152.37618969332786,0.43749799651484333,278.30409395719187,0.01959852940033819
548,10.96755039648418,1.15235644883483,151.8697126625228,0.45276666655592673,234.40098289591248,0.017905715721996493
549,8.178742832452059,0.9694954564571381,152.0846452331543,0.45608572036027906,192.58465423700628,0.01499221855847852
550,8.306048995673656,1.0452485077381135,152.82849963378905,0.4522765140235424,219.80379618282572,0.017317039110276326
551,12.721996680372639,1.2137308635209736,152.90440673828124,0.42591720992013027,258.48736712857624,0.019129315440732222
552,8.773813906610012,1.0041176999211312,154.18142742919923,0.42798349034786226,222.14018714204414,0.01628828049961797
553,9.043352787731259,1.081850343988142,154.2189165654073,0.4288697060737901,244.66994738579098,0.01758013377573621
554,6.713083296954632,0.9324859654307366,153.48403121948243,0.46479190069437026,206.26073505139362,0.015327937966789787
555,9.40835290825367,0.9992660502195359,152.98024200439454,0.4643222713470459,229.08704679410317,0.017849281621919545
556,8.564653262019158,1.0037469497919083,153.11970123291016,0.4624039669036865,228.779669759414,0.01709246546646554
557,8.541138789474964,0.994438972234726,153.79456842041014,0.4739493322968483,215.15370699885867,0.018328611914400283
558,6.625165864944458,0.8702268894910813,153.5086535949707,0.4865348632931709,192.08675211418938,0.016758030023912605
559,6.159644021391869,0.8696599717140198,152.41796572875975,0.4832880605459213,185.78996167851645,0.015190589512982335
560,7.302139413551144,0.9522191668334214,152.26369277290675,0.4655821611051974,196.9264029414483,0.017685456527212897
561,5.635341729581356,0.9505904940366745,151.6417665710449,0.4559071538448334,189.10320111490313,0.01721789590951567
562,6.134549931228161,0.9203606476783752,151.59972378540039,0.44590412843227384,195.79673075583023,0.01620087796292973
563,8.378672152340412,0.9693308894634247,151.4698516845703,0.4492606084942818,192.1415657753016,0.017356040835525353
564,6.625277969628573,0.9412917581796646,151.7573955383301,0.45921924939751624,197.1985118327237,0.017152200572607215
565,5.857145223289728,0.8406980607509613,151.8165453491211,0.4616353878378868,167.51517075735887,0.014795117576325824
566,5.551350806891918,0.8702009204626083,151.1885648803711,0.4755721527934074,188.8887023445479,0.016195286463998006
567,7.401746420204639,0.9546830720305443,151.23238751220703,0.4756342790126801,186.64349516124034,0.017896268871602585
568,6.618493715882301,0.9077642455697059,150.89165838623046,0.481624958217144,205.11397111597745,0.01747636680869678
569,8.597475155055523,1.0084936742186545,151.04557592773438,0.4735972455739975,200.5505124808805,0.017613930365246028
570,4.236744346877037,0.7950872304697929,150.90662771140413,0.5069527759634215,162.9370117475971,0.014125650638608917
571,5.435642100714303,0.8675125612940265,150.6047065574806,0.4838806032995522,161.368303933245,0.015117429308370163
572,4.376006589486049,0.774935231758998,150.34257624699518,0.49204199130718523,206.02707674436576,0.01598178994472653
573,7.572024675130844,0.9668075884580613,149.64234674072264,0.4552890536785126,183.3480471648523,0.017814846819242277
574,7.098391965031624,0.7999404470125834,149.7977670033773,0.4543815640111764,139.99313699666985,0.013027881781068512
575,5.51699110508984,0.8722647951326818,149.10700046506702,0.46225219022514474,191.3594213263182,0.017335747859489107
576,3.6912401887476443,0.730747303545475,149.53862280273438,0.47135511320829393,134.04533818003208,0.013274475486302926
577,3.8574121611118315,0.7836108901500702,149.4274044494629,0.4730956935882568,163.68237944735344,0.01524067992679638
578,11.864344183004127,1.1172812097477463,148.78802893296728,0.4479321173901828,235.34803375212505,0.022199471566305813
579,1.8356783262320928,0.7497593973364148,148.08140236990792,0.48743306526115965,115.25597511077763,0.013751122551185704
580,5.073640887796879,0.8473457857966423,147.75763693237306,0.47621546852588653,167.5330255342771,0.017088136590816642
581,7.1890782273411755,0.9829137799739838,148.75361087036134,0.4537041090130806,177.98783339116042,0.017187220502842392
582,2.8191693257689474,0.7275516654849052,148.3059006652832,0.4650140388607979,128.58550913648065,0.013137625986215578
583,7.709622504234314,0.9675999581813812,147.84777642822266,0.442561498016119,198.7916420554649,0.018664636479814704
584,3.6836393811106682,0.7754216361641884,148.07249337768556,0.46531405991315844,140.7842026357472,0.013541459978390964
585,5.8088986393213276,0.9347766575217247,147.72250033569335,0.45843602737784384,186.0162905363618,0.01891591455611077
586,5.839430206000805,0.9174449313282966,147.49928234863282,0.4614193561077118,173.16542084801037,0.016881396296102944
587,4.728398970901966,0.8159070418477058,147.23393069458007,0.48139222621917727,182.8676266574174,0.016488022956422363
588,6.5668655170798305,0.849954832136631,147.24813668823242,0.48708520978689196,173.5415279093787,0.017020331640286622
589,2.778486783415079,0.7207277056574821,146.06768493652345,0.5075557010173798,117.69328953076692,0.013014673259139652
590,7.637750007843567,1.0051540906146421,145.63037740416445,0.48449334886114476,212.15155352945396,0.020180579167884308
591,3.2920176216534207,0.8688075755323682,145.23333522251673,0.5248819866350719,193.3284537566994,0.020001545202650666
592,4.833036469817162,0.7944162045121193,145.10642501831055,0.48858483976125716,153.645726471897,0.014988877763497551
593,3.4849971745610238,0.7554693728089332,144.84789263916016,0.5001290543675423,126.72408396786525,0.0138777166225444
594,3.543311383575201,0.7458612002018425,144.08620521757337,0.5002839556998677,155.16730651163869,0.01664908907177275
595,6.55001733481884,0.8981096070408822,143.15144659423828,0.48946001660823824,178.0826403685791,0.01831207967985045
596,5.142829380672554,0.7792216148869745,142.30911110187398,0.4877175174910447,146.92197361021795,0.014697657492615326
597,6.115768542123395,1.0028860788474712,141.5508323492006,0.4420122326344483,185.93151701513284,0.017886902247413565
598,5.019409643530846,0.8307973937392235,141.56879919433592,0.4633361572623253,148.75001711108717,0.01511432826459082
599,5.44385537558794,0.84138616502285,141.41342782592773,0.46575980174541476,161.30876563254012,0.01665111235349675
600,2.428613259815253,0.6752312798530627,141.23852900969678,0.48650792756905925,123.82107799097415,0.01373968041495834
